lemma,n1,n2,n3,n4,n5,n6,n7,n8,n9,n10,n11,n12,n13,n14,n15,n16,n17,n18,n19,n20
aberrant,aberrantly,anomalous,anomaly,peculiarity,abnormal,detract,deviate,peculiar,aberration,abnormality,flaw,anomalously,abnormally,differently,improper,strange,defect,novelty,unexpected,atypical
abiad,abian,abir,abia,abid,abiy,aby,abi,cariad,ab,aboit,ziad,abbi,abrar,abk,abott,abbr,abbay,abinger,abram,abide
absa,abaa,absu,abso,absi,bua,abse,oba,abss,pita,abda,saca,curta,inta,abst,abia,sua,basica,bupa,assa,aba
acter,actr,actuator,acte,acta,actra,actu,acti,actioner,actrice,acteur,costumer,ager,enactor,acto,act,actly,ater,acheter,activator,actc
acti,actio,actus,acto,acte,actua,activi,acta,activ,acci,activiti,actium,arti,actif,aci,acter,activa,actv,actaully,codi,act
adem,edem,adom,ade,adema,idem,asem,adea,adé,emem,adme,adee,adm,elem,didem,admi,adumim,menem,adnam,etem,enem
adrien,adriene,hadrien,adrienne,adrienn,dorien,theorien,adlai,adren,syrien,therien,adriel,adric,obrien,darrien,katrien,adelle,jurien,adnan,adelard,adroit
aerosol,aerosolize,aerosole,hydrosol,nanoparticle,inhalation,spray,respiratory,particle,dioxide,dust,particulate,colloid,atmosphere,gaseous,ozone,haze,aerostatic,pollute,air,pulmonary
agnihotra,agnihotri,malhotra,agni,agnatic,chhota,agartha,srinivasa,anitra,agh,chhoti,agnetha,sumitra,agneepath,kshetra,sahota,adinkra,aghori,srinivas,agnolotti,agartala
alida,alina,alid,alia,aliya,alisa,alissa,ilda,alita,kalida,alii,elda,elida,alda,aliza,aliado,nida,janda,wenda,leida,aliona
alite,alit,alita,alise,alie,aliette,aline,ality,alize,alizé,alinta,aliante,leonte,alist,alate,alire,lorente,alia,sarte,alida,aliant
allana,allan,allanah,allant,allanite,allanon,alland,allanson,allandale,allander,alana,ranna,allantoin,yuna,umara,uma,johna,freya,jeana,andreia,yuria
alliedsignal,alliancebernstein,associate,alliance,signficant,interfax,ally,assn,affiliation,affirm,associateship,assurance,accenture,cosign,compliance,intuit,soverign,verification,assista,comfirm,comfirme
aloo,alo,aroo,alou,alogo,maloo,alro,floo,alho,alola,alok,ladoo,wahoo,halloo,aboo,alog,stoo,alow,aluko,anoo,loo
amercan,amerk,amercian,cancan,amer,amrc,amr,amercia,ercan,amrap,monacan,amn,morrocan,ammar,ashcan,amnon,amref,amk,alcan,concan,ozcan
angelou,angelology,angelo,angelov,barack,esau,ahmadu,hbcu,poet,louis,winfrey,mlk,lillian,lalu,poem,poetry,alani,al,lilu,alu,ala
antispyware,antimalware,spyware,malware,antivirus,adware,sofware,cyberware,rootkit,antispam,ransomware,scareware,antiviruse,symantec,kaspersky,freeware,shareware,netware,vaporware,antipiracy,compuware
apnea,apnoea,hypopnea,cpap,dyspnea,breath,respiratory,apneic,respiration,snea,osa,aphasia,airway,snore,breathlessness,breathe,apoplexy,throat,sleep,asphyxia,dyspnoea
apollon,apollonia,apollonian,apollonio,apollo,apollonius,astron,colan,neron,liman,agon,alexan,siman,alen,rion,alexandrian,ravin,nicon,gazan,hartmann,daven
arabe,arabie,arab,arabi,arabesque,araby,arabel,arabischen,arabelle,araba,arabize,egypte,arabist,égypte,arabo,arabela,arthure,arabiya,ange,orientale,arabica
arezzo,rizzo,izzo,mazzo,mezzo,cazzo,terrazzo,bozzo,lazzo,pizzo,pezzo,gazzo,abruzzo,prezzo,liuzzo,nuzzo,guzzo,pozzo,dinozzo,intermezzo,sollozzo
armerina,ballerina,ballet,armeria,arm,armina,armida,dance,dancer,armature,armine,armero,armisen,choreography,yekaterina,armlet,armful,armata,armani,armfield,armonia
arwa,adwa,arw,alwa,akwa,atwa,arawa,arow,arwu,nawa,arpa,arva,marwa,vawa,arwe,awwa,apwa,rwa,arfa,karwa,kawa
arzak,mazak,kozak,razak,arza,arz,patzak,izak,kazak,swarzak,arzu,arutz,argel,arvel,lezak,aruch,arbaaz,arok,arnstein,argun,arnaz
ascalon,escalon,ason,calon,aspern,asurion,asien,callon,asos,asterion,asokan,asn,escalus,caln,asinus,ascus,ashkelon,ascherson,ascanius,asen,crediton
ashar,ashara,ashari,ashaari,ashan,asha,asham,ashad,asharq,stever,asar,shor,shar,ajar,asari,shahr,jair,soor,sasr,acher,akar
ashe,ashen,ashely,ashley,awe,ivy,ash,asheville,serena,atop,asheboro,aria,bella,asheton,ashenden,alison,alex,ax,aw,bianca,elizabeth
assignee,assignor,assign,assignation,assignment,assignable,assignat,seigneur,contrôlée,person,reassignment,correspondant,patentee,claimant,operator,observer,complainant,employee,respondent,leaseholder,owner
atim,ati,atif,asim,itim,atic,aiim,atsi,atip,abim,isim,atid,etim,atin,agim,anim,atum,ahim,assim,at,intim
automative,automate,automattic,automatization,automatize,automagically,automator,automaton,automatique,automat,automatism,automation,automatically,automatic,automatable,automaticly,automata,automaticaly,automaticity,automatical,manually
avera,aveda,aversa,avea,averna,avesta,avena,avra,avere,evra,aver,avella,obra,aveva,lustra,abra,avara,taira,averil,tamera,avelar
ayc,yyc,eyc,dyc,lyc,wyc,pyc,hyc,yc,iyc,epyc,fyc,ycc,pcyc,ayb,anc,ayf,ayy,ypc,ysc,yrc
azathoth,azoth,zoth,anathoth,alioth,sothoth,azeroth,ahronoth,ramoth,yaldabaoth,anoth,warmoth,tabatha,mooth,wroth,amorth,ashtaroth,sabaoth,groth,magath,troth
aztecas,aztec,aztecan,mexicanas,mexican,mestizos,aztlan,aztlán,mexico,zacatecas,chicanos,mexicanus,mesoamerican,méxico,mesoamerica,mestiza,llamas,mex,satanas,oaxaca,zunis
baghpat,bagehot,bagot,bagh,bahgat,bagram,barat,bapat,habagat,bagal,barât,rajghat,barakat,baghlan,bagha,baghdatis,basit,nighat,bagga,mishpat,bagshot
bahl,bohl,kahl,buhl,bhl,rahl,kohl,mahl,vahl,behl,schl,sahl,tahl,suhl,pohl,guhl,zahl,mohl,gehl,muhl,fahl
bandmember,bandmate,bandsman,band,bandmaster,bandsintown,bandleader,subband,bandgap,bandbox,bandroom,bandshell,crewmember,servicemember,bandstand,musician,hatband,bandpass,musicianship,jamband,sideband
barea,barela,baree,bare,baretta,barella,barer,barel,baresi,bareli,bareil,baret,bana,smitha,zura,hinda,bareilly,thina,unda,barelvi,baretti
barilla,barile,baril,baringo,barina,barito,barilaro,bari,canella,gardella,bario,baria,marella,graciella,borella,bariloche,barian,lorella,portella,barisal,marsala
bassey,bassie,bassy,basse,bassically,bassel,batey,bassi,bassick,bassinger,barkey,bassil,rickey,bassham,basset,duffey,basso,bassen,bassem,dickey,bassler
baulkham,baulk,babraham,baum,baulch,torkham,tinkham,batum,baalke,baam,fulgham,baalim,batam,bramham,bahm,whickham,bahram,bircham,bauckham,brumm,faulk
bayleigh,rayleigh,budleigh,arleigh,eveleigh,kayleigh,woodleigh,hayleigh,kaleigh,rockleigh,stoneleigh,ryleigh,bayford,baynard,ashleigh,amberleigh,hadleigh,beenleigh,oakleigh,bayley,endsleigh
bellavance,bella,covance,bellaire,bellay,bellah,bellavista,grievance,bellary,bellany,connivance,bellatrix,bellair,contrivance,bellarine,bellagio,bellator,outburst,bellarke,bellahouston,belladonna
benthamite,bentham,benthamiana,benth,benthem,bentall,benthall,bent,benthic,bentyl,bentayga,bentworth,bentinck,bentaleb,benteng,benta,bentwood,bentgrass,bentz,benteen,argillite
bettmann,guttmann,littmann,wittmann,bettman,ortmann,dettmann,trautmann,bett,bettison,betrieb,bettin,bettcher,betch,bettter,beton,betton,buchmann,betz,betten,béton
beust,be,maust,beuke,beu,becht,becouse,doust,beuy,bext,beuc,berent,bechet,bew,bes,prust,beur,bessel,bech,kaust,becuase
birn,biren,biron,birr,birnin,bihn,bir,birlinn,bilin,biran,birk,birrell,toorn,wern,sorn,beinn,thern,harn,dorn,birm,bian
bishoujo,bisho,bishounen,bisou,irujo,bishamon,bishu,bishi,biswa,shoujo,sanshou,souji,bispo,bisha,bishara,tsuji,bischof,kouji,orujo,eshoo,bishnoi
bivalirudin,bicalutamide,biliverdin,bicuspid,biaxin,biuret,bijoux,dabigatran,bilibin,valtrex,bimatoprost,rivaroxaban,bipyridine,bimolecular,bivector,bifenthrin,bivin,antihypertensive,bivalve,valjoux,valsartan
blanchard,blanchardstown,hawkins,annum,bailey,blanc,lyle,leap,unchanged,townsend,haute,bound,constraint,garde,finesse,copeland,gage,feign,quota,essence,condign
blefuscu,bleu,blech,bleul,blechman,blek,bleue,bleck,bleugh,blecher,bleurgh,blifil,blecker,radulescu,peleliu,bleomycin,deulofeu,bli,bleckley,klepek,bucuresti
blick,blickling,klick,glick,click,blip,eslick,bolick,orlick,selick,warlick,bootlick,blook,blacklick,holick,clicker,blatently,blar,blodget,clickin,cowlick
boasson,boaden,chiasson,borbon,borbón,bouchon,boan,bougon,boustany,bou,bohanon,boiteux,bresson,bourassa,boudin,boasberg,boullion,boivin,bourton,bousso,bouton
boethius,boetius,theophilus,boletus,aurelius,melius,bockius,bohm,böhme,boi,boehm,nathusius,antonius,böhm,bous,bohme,flavius,blasius,brosius,boeheim,bo
bonebrake,bonecrusher,bone,handbrake,stonebraker,bonedigger,airbrake,canebrake,lazybone,aerobrake,bonesaw,boneshaker,boneyard,bonesteel,jawbone,boness,spinebuster,bonehead,skeleton,skeletonize,bonemeal
bonjour,dujour,bon,bonbon,sojourn,beausejour,sejour,séjour,beauséjour,bonker,bijouterie,bijou,bontrager,bonar,hanjour,frabjous,montmajour,bonier,bonsor,bonser,bonvin
brabham,chobham,cobham,shubham,silverstone,brawn,corsa,motorsport,sauber,br,mclaren,cosworth,brahm,brax,racer,brabant,brx,bravas,alonso,sainz,braham
brampton,bramber,bramble,bramston,bramford,bramham,bramwell,bramhall,bram,bampton,bramson,bramante,bramley,brambly,brammer,bramall,brama,binghampton,braman,bramer,brambell
brancheau,bandeau,branchville,bonneau,godeau,boileau,branchial,branch,cousineau,branche,bideau,branchburg,parenteau,branchlet,labeau,chéreau,rosseau,badeau,breau,campeau,poteau
bratsk,odesk,prisk,kamensk,tosk,bration,omsk,bratcher,brata,bratton,obninsk,wisk,brattan,bratva,orsk,tomsk,brate,brat,bosk,kask,semipalatinsk
breadcrumb,crumb,breadboard,thumbnail,bread,wallpaper,breadstick,footer,breadmake,tab,table,breadline,subpage,notepaper,breadbasket,permalink,image,banner,submenu,webside,frontpage
brentano,brenton,padano,brenta,brent,pestano,trento,tadano,paano,siano,montano,benno,steno,silvano,padrino,rino,brentwood,shawano,tonino,orono,shinano
bristly,gristly,brimful,thinly,brierly,brimble,stoutly,sturdily,soundly,placidly,timidly,slavishly,cheaply,brashly,wieldy,tamely,steeply,strikingly,bascially,sorely,modestly
brookhurst,rockhurst,buckhurst,whitehurst,parkhurst,pinehurst,brookdale,deerhurst,ashhurst,brockhurst,sandhurst,brookwood,kenthurst,lakehurst,oakhurst,pennhurst,wakehurst,blackhurst,medhurst,crowhurst,billingshurst
buggie,buggle,buggy,bugge,buggs,bugger,buggin,bugsy,bugzy,boggie,bugga,bugey,buggery,bug,bugz,boggle,boggy,piggie,googie,foggie,baggie
burkinabe,burkinabé,burkina,faso,senegalese,benin,gambian,guinean,senegal,guinea,ivorian,zambian,africaine,togolese,ivoire,beninese,ouagadougou,bope,sénégal,karimi,ghanaian
cadogan,coogan,grogan,catbalogan,illogan,mcgoogan,cadwallon,cadigan,cadbury,cadw,caddell,cadley,cadman,cadden,cadzow,cadwell,dun,cadre,caddoan,cadwallader,cado
callin,callen,callon,callinan,callan,callit,calli,calland,calling,callanan,callle,calle,callsign,callme,cally,callet,calld,callup,callout,ringin,callejon
camaro,camarone,camaron,camry,carraro,car,chevy,racecar,acura,chevrolet,camshaft,carrera,ferrari,corvette,claro,motorcar,recaro,corolla,buick,cordaro,camara
canon,cañon,dslr,cannon,canone,canonic,camera,slr,fujifilm,lumix,photographic,flash,printer,canonbie,canonica,leica,pentax,shutter,telephoto,canonical,finepix
capaz,capiz,magaz,caz,caplan,lapaz,bayaz,capay,baraz,capab,capade,capac,capax,kaz,traz,topaz,teraz,capistrano,moaz,caporal,cap
capgras,capras,capas,capris,capade,caprice,cap,cappa,capco,capgemini,capos,capric,capp,capiz,gingras,capab,capgrave,capsa,mogra,cappon,capistrano
caproate,capade,caporal,capri,capacitate,capacious,sproat,caplet,caporale,pupate,oxygenate,capuchin,capillary,caprioli,cappel,capra,caput,cappon,capite,capsular,capresso
carillion,cotillion,carilion,carnelian,brillion,caro,caron,carnlough,carion,carmo,golarion,carother,carmon,carifta,carus,cariforum,carvell,carmilla,carino,carstair,carither
carto,carta,carton,carti,cartola,mapo,carte,cartage,carty,cartago,cartomizer,cardo,cartan,cartosat,cart,contento,doco,pulpo,tomo,cartier,cartouch
casola,casula,casilla,casona,caslon,caso,piola,panola,finola,casiano,cartola,casoni,casco,casina,zola,raiola,arcola,chipola,mineola,ginola,cascina
castaldi,grimaldi,cataldi,rainaldi,castaldo,capaldi,ivaldi,schiraldi,castre,castoriadis,castano,castaño,castrie,castoro,castille,castri,castor,castalia,castra,casto,castin
catesby,coningsby,gadsby,somersby,kilsby,cate,hornsby,catey,catford,catterson,welsby,oglesby,brocklesby,catley,catton,thoresby,casby,moseby,catelyn,caty,catonsville
cavil,movil,móvil,nevil,orvil,chervil,melvil,anvil,glenvil,bevil,cavo,uncivil,medievil,cajal,cajon,kovil,cacho,caz,cauz,caxton,advil
ccap,ccaa,ccpa,cbap,tcap,icap,acap,cca,caap,bcap,ccac,ccop,ccar,ccrp,ccam,pcap,ceap,cmap,ncap,ccad,ccaf
ceda,cedo,cera,cedi,cedia,cede,ced,ceta,ceder,caida,seda,cepa,cerda,ceed,cesa,kada,cema,cei,nadda,ceca,ceba
challange,challege,challeng,chalenge,cha,challenge,chá,game,challan,escalate,difficulty,escalation,icebucketchallenge,unchallenge,chap,contest,obstacle,completion,progression,puzzle,climb
chana,chanan,chanana,chania,chanal,chani,chanu,chanka,chano,channa,chanak,chanh,chann,chane,chanda,sasa,chan,qina,rawa,nesta,saša
chihayafuru,chihaya,chiharu,chikyuu,chihiro,shiryu,chidori,sikiru,chizuru,shirayuki,senryu,chiru,hikaru,hiryu,kiryu,shigeru,tsukihime,sukiyaki,furu,yakitori,yahaya
chikoo,taikoo,chiko,chikako,chilo,chido,chimo,chiho,chio,chion,thakoon,chikli,chieko,makoko,shikoh,chiffon,chiyo,chiou,chibok,kookoo,kaloo
chingola,chingo,chipola,chinga,dongola,chingon,zola,shinola,ginola,shola,xola,mineola,chingiz,akola,raiola,oola,alola,mobula,chingada,pingala,wahala
christoval,christabel,christl,stovall,christal,christobel,christo,christofle,christof,stovl,christa,christel,christus,sandoval,cavallo,christov,chavanel,christoffel,christ,christow,christaller
civility,civilly,respectfulness,politeness,niceness,friendliness,civil,rudeness,respectability,civilize,respectful,kindliness,civili,civillian,gentleness,polite,conduct,civilise,incivility,cordiality,civilized
cko,kco,ck,kmo,ckb,kbo,ckx,kgo,kso,cka,cpo,ckc,kno,cmo,eko,kboo,ccoo,cso,ckt,kko,kcmo
clausen,clauser,rolen,posen,boren,postern,lockn,doorn,noten,waren,tonn,clause,graven,zonen,holen,suren,byen,stirn,shoen,carn,plann
closable,disposable,clefable,disposability,leachable,cleavable,storable,replaceable,ridable,useable,reusable,supposably,spendable,liveable,allowable,livable,degradable,cleanable,spreadable,sellable,decomposable
clunkiness,clunky,clunkier,clumsiness,clunk,clumsily,cumbersome,jitteriness,jittery,creaky,clog,clumsy,clumpy,bumpiness,stickiness,touchy,touchiness,fickle,unwieldy,fidgety,chunkiness
cockran,cockram,piran,cockre,ecran,guran,utran,tyran,cotran,cockrel,cockroach,cockroft,scran,boran,cock,cocker,roran,prahran,cockney,atran,turan
colorspace,pspace,rgb,colorblock,colorwork,multicolor,whitespace,dspace,colorful,colormap,keyspace,colourful,tablespace,color,userspace,colorfulness,multicolore,depace,colour,createspace,espace
commandeur,commandeer,directeur,commande,commandement,commander,facteur,commissionaire,masseur,professeur,commandante,restauranteur,acteur,officer,editeur,empereur,secteur,commissaire,command,inspecteur,rigeur
comtrade,compay,comprador,commerc,commercio,overtrade,compe,compris,freetrade,compte,tradable,trading,compr,commo,compre,compra,companie,trade,comprar,daytrade,compere
concordat,concordant,concordance,concord,concordantly,concorde,covenantal,pactum,doctrinal,syncretism,covenanter,doctrinally,sacramentum,covenant,scripture,ecclesiasticus,colossians,missal,vulgate,scriptural,ecumenical
contort,contortion,contortionist,contorta,twisting,contortus,confine,concave,deformation,distortion,tighten,stretch,deform,straighten,tilt,fold,bend,unravel,shakiness,constriction,tight
contraire,contraint,contrario,contrariwise,contravention,contrariness,contravene,contrave,contrariety,contraversial,contrarian,contraindicate,contralto,contrarily,contrapositive,contraposition,construire,contradistinction,opposite,contradict,contra
cornstalk,corn,cornstarch,cornflake,corncob,corncrake,cornmeal,corncrib,buttermilk,cornock,cornflour,corningware,kalk,filk,cornbread,cornball,maize,cornrow,cereal,cornflower,cornhusker
cottrill,cottrell,cotterill,cotterell,cantrill,cottle,cotillion,cotter,cotler,attrill,cotty,quantrill,coty,cottee,cott,cottier,cottom,bottrill,cotten,cantrell,coton
cowlishaw,collishaw,cowl,cowhand,cowal,cowle,cowper,cowpoke,cowher,cowlings,cowlick,cowell,tigerclaw,bonesaw,slaw,croshaw,handsaw,bearclaw,cowart,cowdray,longclaw
cranford,cranwell,cranham,cranbrook,cranley,cranfield,cranleigh,cranbourne,cranmore,cranbury,crauford,cranborne,wynford,munford,cranmer,cromford,cranswick,crayford,cranberry,crockford,cranz
crayfish,crawfish,crustacean,crustacea,prawn,crab,cray,lobster,seafood,shellfish,craymer,craw,shrimp,clams,trawls,fish,crawdad,croaker,penaeus,decapoda,invertebrate
crooksville,crookham,crookston,crooklyn,crookwell,holtsville,crook,crookback,crookshank,crooke,cowansville,dyersville,coopersville,nowheresville,goodlettsville,clarksville,lovettsville,kirksville,waynesville,mocksville,cartersville
crtl,crl,crcl,crrt,crst,crtc,crt,htl,cret,ztl,crla,crn,oltl,nctl,jtl,crrc,clt,crc,crac,ertl,rtl
cumulative,cumulatively,consecutive,consecutively,concurrently,sequential,concurrency,cumulation,incremental,continual,contiguous,continuous,installment,incrementally,concurrent,progression,continuance,increment,ongoing,simultaneously,accumulate
cuniculus,bunnicula,cuius,gannicus,cusanus,cuneus,curva,cugini,hunico,siculus,curius,cui,cusin,funiculus,culin,fasciculus,curio,curculio,cocculus,cuno,cul
cypro,cipro,cyproterone,cyp,alpro,cyprien,cypre,lupron,dnipro,kypros,sopron,ciprofloxacin,supro,avapro,cyclop,semipro,cys,cyro,kaypro,cyprian,compro
czechia,czech,czecho,brazilia,czechoslovak,bohemia,czechoslovakia,prague,germania,brasilia,dubia,cadia,brasília,finlandia,zealandia,cza,moravia,caria,rusia,ceske,české
debateable,debate,debatable,debater,allowable,arguement,contestable,answerable,thinkable,argue,argument,reviewable,arguable,disagreeable,persuadable,argumentatively,unviable,argumentative,controversial,rateable,peaceable
decarie,decian,decrie,decare,decanoate,decalogue,dece,decant,deci,decaze,decius,decie,decadal,deca,decan,decani,decappe,declarant,decre,decile,decel
defrag,defragment,defragge,defragmentation,defragmenter,defragmente,slowdown,deflate,bottleneck,deflation,compress,slow,lag,vsync,defog,derail,prefetch,fast,deflategate,compression,defuse
delusion,delusional,delusionary,delusionally,elusion,delirious,illusory,paranoia,deliriously,delude,paranoid,crudity,deleuze,insane,psychotic,conclusory,disbelief,deleuzian,madness,gullible,allusion
denio,deni,deno,denia,denarii,deniro,denno,denari,denni,denie,sadio,silentio,canio,anio,denaro,inio,visio,serio,decio,denki,azio
densha,denshi,densa,denka,daisha,denna,denza,denwa,nansha,yusha,moesha,tosha,leisha,denso,densham,yasha,varsha,kaisha,sesha,meisha,kasha
devitto,devito,devitt,devita,nitto,fratto,votto,datto,raito,carlotto,baretto,sotto,diretta,tutto,totto,chitto,donato,latto,vitto,tatto,shatto
diethylamino,diethylamide,methylamino,diethyl,diethanolamine,dimethylamino,diethylene,aminoethyl,ethylamine,trimethylamine,methylamine,diethylstilbestrol,amine,dimethylamine,amino,triethanolamine,triethylamine,flamin,ethyl,dieth,ethanolamine
dinitrophenol,dinitrogen,nitrophenol,nitrophenyl,dinitrate,amphenol,benzophenone,diphenyl,naphthol,nitrobenzene,pentachlorophenol,denitrifican,nitrile,phenol,pignerol,nonylphenol,acetophenone,benzol,synthol,polyol,oxynitride
diolch,dich,folch,dach,deloach,blach,moloch,raploch,dic,imlach,lech,vlach,stolz,deutch,knobloch,dih,blech,stolk,baulch,barlach,auch
dirtyphonic,dirty,dirtybird,filthy,homophonic,polyphonic,dirt,dodecaphonic,muddy,microphonic,hooverphonic,dirtie,euphonic,phosphonic,radiophonic,stereophonic,dirtiness,monophonic,illicit,noisey,mudhoney
divergently,divergent,diverge,diversely,languidly,impulsively,unconventionally,excitingly,cogently,singularly,abundantly,divergence,eclectically,chaotically,uncommonly,endlessly,ambitiously,daringly,seperately,adventurously,fervently
django,xango,shenango,masango,charango,olango,wsgi,chenango,mvc,djvu,python,dje,template,djo,djanogly,backbone,voodoo,bao,tarantino,model,widget
dlw,ddw,ldw,dlp,dlf,dlg,dwl,dws,dlm,lww,llw,dlv,dwc,dld,dlb,dls,liw,dlr,dhw,dcw,dsw
dogg,doggie,doggy,doggin,doggedly,doggo,doggish,dogge,doggedness,doggystyle,doggle,dogger,snoop,doggone,pooch,rapper,pup,dog,booty,bitch,thug
dorai,dari,dorayaki,doray,dashi,dini,doraiswamy,ledi,sarai,abbasi,adai,arai,balai,doradus,paradi,dorado,khani,dorada,dora,tabi,dardi
doriot,dordt,marriot,doumit,goriot,dout,dort,dorrit,doucett,doucette,detriot,theriot,dory,dour,doux,douthat,dorit,donot,douhet,dolson,dorte
dorney,verney,harney,birney,cerney,chorney,gorney,karney,cairney,murney,jurney,doyne,doppel,dobler,doble,hurney,doune,dorea,dore,doyen,dolch
doumbia,columba,doria,columbi,macumba,dolomiti,dolci,dobia,columbaria,morumbi,donia,columban,columbanus,dorea,dolabella,donncha,doab,dobler,dobbs,dolomitic,dorca
dubus,dubuc,dubuque,dubius,dubuis,dubi,dubo,dubow,duby,dubas,dubin,dubb,dubz,dubia,dubov,dubie,dube,dub,dubon,dubbo,dubé
dunfermline,dunfee,glenferrie,dunsmore,dunstaffnage,dunkeld,mcferran,dunmall,dunsfold,dumfrie,macfarquhar,dumfriesshire,dunleavy,renfrewshire,dunross,dunmore,macfarren,dunblane,dunolly,dunmow,macfarland
durio,duro,dumo,dutro,dudo,duino,delrio,durso,duri,dulo,duato,duilio,turo,dupo,saverio,solorio,gero,deleo,durazo,lario,dura
durrani,durbar,durrance,duri,durran,durrant,dutta,dudi,durruti,dulci,dutti,dutt,durjan,duki,durian,dur,dujail,durnin,duti,dulaimi,durarara
edberg,edlund,engberg,ekberg,overberg,seberg,enberg,edvard,nyberg,alberg,hallberg,svedberg,brandberg,ellenberg,soderberg,newberg,ehrenberg,strandberg,lederberg,edholm,castberg
egta,egt,tigta,egba,ega,egea,lagta,efta,egat,egu,erga,egp,ggt,egao,tgt,erta,egcg,egn,egesta,gra,efa
einst,einat,erst,istat,syst,rost,iast,interst,elst,xist,gest,nust,orst,ist,cust,uist,wust,bobst,iist,einsatz,isat
elfman,elf,elfie,elfi,elfland,elfin,elfy,elfen,elferink,elfa,elford,elfsborg,ulmo,bunnyman,elfish,elfo,elfquest,elfstone,candyman,birdman,elflein
encephalitic,encephalitis,encephalic,encephalomyelitis,encephalopathy,encephalization,meningoencephalitis,anencephalic,autocephalous,encephalocele,virus,cerebral,telencephalic,neuronal,neurological,brain,syphilitic,eeg,mosquito,neuroimmune,febrile
enemys,opponent,foe,adversary,rival,nemesis,opposition,malicious,menace,rivalry,evil,rivalrous,against,villain,threat,antagonist,dislikes,vermin,invasion,hate,hostile
engler,engel,enger,engle,engert,engell,edler,engelman,engla,trumpler,engl,engr,engli,erler,engdahl,engender,englert,landler,engvall,engelhard,engelm
engli,engle,engla,engl,engish,ingli,engel,engrish,engro,ingle,engal,inglé,englisch,genli,ell,engi,englishe,englischer,anglic,englische,efl
erodium,erod,erode,erum,erbium,eruditorum,erd,eroei,otium,erogenous,eron,erm,erythronium,erol,olodum,erh,mysterium,erion,eryngium,erudite,er
eschbach,eschenbach,herschbach,fischbach,aschenbach,eberbach,urbach,umbach,eisenbach,mansbach,esch,altbach,feshbach,fernbach,weissbach,marbach,steinbach,ambach,alpbach,rossbach,laibach
esmee,esmée,esme,esmé,edmée,memee,espe,essere,emme,marmee,esse,eshe,jaymee,tommee,mérimée,emerse,esmonde,eme,emelie,eame,teme
evadne,tidne,widne,eane,sydne,aane,egede,ede,dne,erne,keyne,evas,eade,evah,defne,wedne,evar,adea,ade,ariadne,edea
everall,everthing,ever,everbody,everhard,evermore,eversion,everlaste,everex,everone,everard,everlast,everstone,evershed,everly,evert,evertime,everday,eversley,everyon,everwhere
expenditure,spending,expense,amount,fiscal,consumption,costing,allowance,budget,costly,spendy,spendin,spendable,money,expend,utilization,budgetary,sum,overspend,revenue,deficit
external,externally,externalise,externalize,other,exterior,additional,internal,else,externalist,indirect,elsewhere,miscellaneous,overseas,internally,peripheral,externalisation,besides,secondary,externalization,side
facc,fac,fasc,ficc,faca,facr,bacc,ffcc,cafc,façon,tacc,facon,apcc,facp,forc,ancc,faci,racc,affec,becc,fucc
farsighte,farsight,farsightedness,nearsighte,foresighte,far,får,lense,farfalle,farthe,farne,faro,farre,farnell,farbe,farrugia,farhat,nearsightedness,foveal,farve,farabee
farthingale,farthing,farley,farrington,farthe,farnley,farlow,farleigh,farnham,farhampton,faroe,farndale,farringdon,faragher,farrow,farkle,fardell,farne,farfalle,farney,farie
feelin,feel,feely,feelie,feelingly,feelgood,feelsgood,feeld,sufferin,feelthebern,chillin,feelz,feelsgoodman,enjoyin,feeler,playin,lookin,tryin,gettin,feelsbadman,smellin
feilde,felde,filde,feild,feith,feile,féile,bulde,wolde,feign,feiler,fei,feigen,feilden,hilde,feist,yalde,feil,nolde,feier,feiss
fennoscandia,fennoscandian,nordic,svenska,sweden,fennica,swede,finland,scandinavia,sverige,scandinavian,fenna,swedish,fenno,nordica,fenian,lapland,finnish,finnmark,norway,svensk
ferme,fermé,kerme,ferm,fermo,gorme,fermor,verme,ferree,ferre,fere,ferré,larme,fermoy,fece,kermesse,fevre,fefe,ference,ferrate,ferst
fime,fim,nime,nîme,fie,cime,fima,vime,fibe,fiom,fice,fimi,feme,gime,yome,fiume,ceme,lome,lomé,eame,fike
fishball,cornball,fishbowl,stickball,ball,pokeball,speedball,flyball,cheeseball,beachball,pokéball,nutball,cannonball,fish,fishkin,meatball,snowball,greaseball,ballgame,streetball,airball
fissionable,fission,allowable,salvageable,combustible,rebuildable,unmentionable,breakable,repairable,resorbable,fungible,unavoidable,undriveable,containable,recoverable,unbreakable,vunerable,crushable,replaceable,burnable,electable
fivefold,tenfold,sixfold,threefold,fourfold,five,twofold,hundredfold,eightfold,fifth,sevenfold,fiverr,fivethirtyeight,twentyfold,ninefold,multifold,trifold,fiveway,fifthly,fivefinger,fiver
flipagram,flip,flipflop,flippant,flipboard,flipkart,flipside,flipbook,flipchart,flippancy,flippin,flippantly,flippen,flipnote,flippa,flippity,flippable,flipp,flippy,pigram,pegram
flyfish,rockfish,stonefish,finfish,hogfish,groundfish,fish,mosquitofish,paddlefish,sunfish,butterflyfish,codfish,knifefish,jackfish,needlefish,batfish,boxfish,lungfish,raffish,stockfish,frogfish
foh,fho,fdh,eoh,hfh,froh,hooh,fhp,flh,fhe,ffh,fwh,hho,fmh,veoh,hoh,otoh,fhd,fhb,fyah,foch
fordow,fow,liow,enow,leow,fordun,siow,bestow,gillow,eow,billow,noow,ballow,wellow,oow,llow,fotw,yow,inow,oww,naow
fraktur,frakt,frakkin,lektor,wiktor,hektor,sektor,frater,frak,frakke,frack,moktar,frackin,doktor,struktur,direktor,vektor,fracker,karakter,fra,frazer
frickley,frimley,fridley,fricke,fricker,crickley,frehley,fricka,frick,fricken,brimley,freckleton,critchley,froy,fowley,furley,friml,stickley,friel,yardley,whirley
frogurt,buurt,frog,frogner,frogger,kourt,froggatt,geurt,frogmarch,frogg,frogtown,frogman,frogmore,frogspawn,ranaut,froggy,frognal,froggie,yoghurt,frogfish,frogmouth
fsis,fss,fhis,fsia,fiis,sfi,fsc,fsa,fds,fni,fsf,fpi,foi,fssai,fsb,fsos,fns,fts,ffi,fst,fasi
fuld,ful,fulk,fult,fild,fulp,feld,feild,fulfil,futher,fowld,wpuld,fjeld,herold,weild,arild,fudd,fuad,wuld,fulda,goold
furbie,furby,furber,furbabie,furie,furey,furbaby,furrie,furbush,hobie,furbish,cumbie,furcal,rabie,cambie,furfur,furze,furrier,fursuit,fur,arbie
fusil,fusilli,fusilier,musil,fasil,fusi,tunsil,fulfil,persil,intersil,fugl,chesil,trysil,ful,fulica,fusillade,vasil,mofussil,silicon,fux,futher
fuzzily,fuzzie,dizzily,fuzzier,fuly,fugly,fuddle,funnily,fiddly,fuzzy,jiggly,squiggly,softy,abstractly,spritely,piddly,tickly,crackly,chocolately,fuggle,niggly
gaiz,gazi,boiz,geiz,gaz,gaud,briz,gaim,griz,paiz,gamy,gair,gazin,ziz,cauz,seiz,gau,gaiam,fariz,gazit,gabi
galvanic,galvanise,galvanism,galvani,galvanize,galvanization,galvanometer,conductive,electrochemical,electromotive,electrode,electro,electrolytic,electrocute,cathode,cathodic,electrical,conductivity,electrically,conduction,electrochemically
gambetta,gatta,gambella,gaceta,garaventa,gaeta,motta,gambell,zambelli,gatto,gitta,gambel,gatt,gaviota,citta,gazetta,tutta,città,garlett,minetta,gata
gameplan,battleplan,plan,workplan,generalplan,game,gamechanger,gamechange,gametime,strategy,playbook,gamebook,flightplan,crashplan,gameboard,petplan,healthplan,gamester,gamework,gamecenter,masterplan
gamete,gamet,gametocyte,gametogenesis,spermatocyte,oocyte,gametophyte,spermatophore,meiotic,gonadal,haploid,gonad,sperm,spermatogonial,spermatozoa,game,conception,cell,luteal,meiosis,fallopian
garat,korat,garet,gart,samrat,murat,virat,garan,borat,sharat,ararat,krat,berat,shurat,kyrat,gamit,gatt,gatta,gujrat,garut,gata
garlanding,decoration,ornamentation,crowing,adornment,décoration,basketry,hanging,cladding,decor,cabinetry,parquetry,wickerwork,cadging,raring,bunning,combinatorial,medallion,ornate,basketwork,arrangement
gatti,tutti,gati,motti,garcetti,gitti,gatto,mutti,fetti,gauti,chitti,gatta,gatt,tatti,gaeta,vitti,pentti,genti,nitti,gavi,coletti
gebhard,gebhart,gebhardt,gerbier,gebracht,gard,gebran,gerde,germar,gebert,geibel,geber,guichard,gerb,geburt,gebr,gerbner,gerhart,gephart,chambord,gabbard
gigio,gigo,giglio,gigolo,agio,giga,gigi,giganto,gigli,gigante,gig,ogio,gigaom,fatio,metaio,gigot,giganta,silverio,io,gigha,millio
glave,glavine,glavin,corke,ghose,klaver,pinche,toothe,gve,throate,ghe,pallava,gbowee,sclavi,gane,gwede,powerslave,glisten,sheathe,shreeve,cuvee
glenmore,dunmore,barmore,portmore,parkmore,craigmore,newtonmore,stanmore,rossmore,langmore,patmore,glenridge,podmore,pasmore,dinmore,woodmore,watmore,gillmore,glencross,glenham,creekmore
glessner,gless,gner,glasner,glockner,joyner,lackner,gwinner,gertner,gleyber,boundless,gerstner,giesler,gnasher,groener,euless,spengler,gessner,goldner,ceaseless,glaser
goldmine,goldminer,goldfield,gold,goldmoney,golddust,goldwork,goldstone,goldmember,goldmark,golddigger,silvermine,goldschmie,goldrush,goldfrapp,goldfinger,goldtone,mine,goldline,goldleaf,goldsman
gonzo,ponzo,costanzo,vicenzo,lienzo,almanzo,avanzo,bronzo,gordo,lonzo,isonzo,goza,garbanzo,gorgonzola,gozu,gopher,gordy,gobert,gonda,gon,golz
gottfrid,gottfrie,gottfredson,gotthard,gottwald,gotter,gottlieb,gott,gotthold,gottlob,gottem,sigfrid,gottorp,gotthelf,gottstein,gotto,gotsta,elfrid,fotr,futhark,gotti
gpp,gtp,gpg,gpm,pgp,agp,ppgpp,grp,ggwp,gup,gpb,gwp,gpf,gip,mgp,gpd,gpe,gmp,gpt,gpmg,openpgp
grapple,grappler,grist,groping,grab,grasp,graw,grope,handgrip,gruel,wrestle,grating,struggle,groper,fight,fist,gratz,gratify,grap,knockout,grav
gresh,bresh,spesh,ganesh,benesh,kenesh,sheesh,grah,gristle,grosh,gris,secesh,graha,grat,grear,grum,grh,himesh,gress,umesh,dinesh
groc,grocer,groce,grou,grist,graw,gro,gruit,greve,grop,grear,grue,gratuit,grobe,groo,groun,stoc,grool,croc,grote,looc
groeneveld,groenewold,groenewegen,groenewald,groep,groen,groene,rietveld,zonneveld,groel,grootfontein,groenlandica,groothuis,netherland,groener,sneijder,verhoeven,bushveld,vandervelde,lowveld,gansevoort
gypsys,romanis,gypsie,ethnic,navajos,yugoslavs,bahrainis,romanism,djinns,berber,adrianople,maoris,slavs,libyans,ethnicity,romas,peasant,moravians,gyptian,latinos,vampiress
hachiya,hachiman,tsuchiya,hachi,hachijo,hachiko,hachiro,toshiya,hibiya,sekiya,shuya,miya,sakuya,choya,sukiya,zakiya,chiya,chaya,yachiyo,hajiya,doya
haciendo,hacienda,haçienda,hablando,hacerlo,hacemos,oquendo,diciembre,habanero,salcido,haco,hacer,haque,facundo,haw,hago,comunidad,vendo,mexican,hispanic,tancredo
haggis,hagge,hagg,haggin,hargis,haggas,haggen,haggerty,heggie,haggy,haggett,haggai,higgie,hag,hagi,haggar,jaggi,hagar,hagfish,hagberg,dagg
haldane,halden,kadane,hamdani,halcone,haldia,halde,halverson,halste,haldi,halse,halbe,haldon,saldanha,halda,halie,thadani,haliday,haldin,halmahera,halder
hambidge,jarbidge,hamber,hambly,hamper,hamby,hambo,hamble,hambone,hamp,ham,hamblin,hamstrung,hambre,zigzag,hamming,unbidden,halbig,hamdy,embid,hamworthy
hardeeville,hardee,downieville,hardeep,hardcastle,berryville,andersonville,hardey,hardeman,hardie,hardley,keeseville,hardisty,holtville,richville,hortonville,crawfordville,hardaway,hardihood,wilsonville,earlville
hat,hatful,headwear,beanie,helmet,costume,cap,fedoras,hatbox,outfit,sunhat,hatband,shirt,brim,clothing,header,headgear,badge,apparel,mouse,logo
haystak,haystack,hayseed,haysom,hayslip,haysbert,attak,haysville,szostak,hayk,atak,liptak,tonk,dilk,gatka,gook,wotk,tuk,atack,stirk,amarkantak
hebgen,hebdige,wegen,helbig,hebden,heiligen,helbe,heutigen,hege,ellenbogen,heb,gegen,hebben,hegg,mogen,melgen,heg,feigen,kigen,heger,igen
herky,herk,hermy,herty,hery,herv,kyky,onky,miky,hertie,hermie,herz,hersey,herg,heruka,anky,myk,his,hersch,herland,riky
hkma,hkm,hka,hklm,hkia,hksar,hku,hkt,hks,hkw,hkg,ccma,hke,hkl,hki,hkd,hkr,hkn,hker,hkfs,hkc
hombre,mimbre,homo,mans,homie,homan,måns,membre,gentleman,male,mister,he,dude,hola,nombre,homini,macho,him,masculine,gentlemen,nobleman
honegger,honecker,honig,honigmann,honer,honigman,honaker,honeck,honister,honker,sonderegger,honfleur,honble,hon,riegler,honnor,benger,honigstein,honne,renger,honan
hornbach,hornburg,halbach,steinbach,hornbacher,sandbach,hornbeck,rosenbach,hornby,lenbach,urbach,fernbach,hornbeam,umbach,hornig,hornung,hagenbach,horniman,horncastle,horng,haibach
hsing,hsien,hsin,hss,hsk,hring,hso,hsd,hsy,hsi,hsw,hsh,hsiung,hsu,hse,hsg,hasting,hsan,hhe,hst,hsia
hudbay,hund,husting,hurl,hucking,huxtable,hurray,hudgin,hudood,hurd,hustle,huddart,hun,hulet,hundy,hurdy,hulud,huckin,hunch,hudl,hurlbut
huntingburg,huntingdon,huntingtown,huntingdale,harrisonburg,richburg,huntingford,middleburg,lawrenceburg,huntersville,hunterdon,huntingdonshire,ladenburg,hornburg,brownsburg,wallaceburg,christiansburg,wellsburg,ravensburg,blacksburg,duckburg
hydroxybenzoate,hydroxybenzoic,hydroxylate,hydroxybutyrate,hydroxyl,aminobenzoic,hydroxy,benzoate,nitrobenzoic,hydroxybutyric,hydroxyphenyl,hydroxylation,hydroxyethyl,oxygenate,ethoxylate,hydroxypropyl,phthalate,oxybenzone,hydroxycinnamic,hydrogenate,deoxygenate
hypothecation,hypothecate,perspiration,spiration,ventilation,hygienic,inhalation,hypoventilation,hypoxic,excreting,hypothermic,occupancy,aeration,hydrated,hypothec,hypothetic,hygroscopic,breathing,inhospitable,hypothesize,hydration
icaria,icarian,icaro,icar,icra,icare,ilaria,icai,icaa,ikaria,icarus,icasa,icr,icore,calera,icard,ican,delaria,binaria,icarda,icma
idealization,idealisation,idealize,idealism,idealogical,idealise,actualization,ideality,idealistic,idealogy,conceptualization,idealistically,romanticization,actualisation,ideal,idealist,realisation,ideation,systematization,conceptualisation,symbolization
inaba,nanba,inba,imba,inasa,naba,ariba,koba,ina,inaa,saba,daiba,iiba,akaba,anba,inada,arba,noba,aiba,toba,kuba
inazuma,kazuma,izumo,shizuma,mazuma,uzume,suzume,sakuma,inami,iwakuma,izuru,izuku,inugami,kazumasa,izutsu,inaba,iwama,uzumaki,izuna,mizuho,mizushima
infirmity,infirm,infirmitie,infirme,tiredness,inertness,deadness,weariness,ailment,sick,lethargy,gloominess,melancholy,lifelessness,weary,tired,soreness,incapacity,uneasiness,palliative,ineptness
inmotion,motion,inertial,locomotion,movement,inertia,inroad,inportant,vmotion,in,motional,slowmotion,naturalmotion,stopmotion,kinematic,bluemotion,move,motile,locomotor,motility,inflight
innocenti,innocente,innocent,innocence,innocently,angeli,savelli,justi,valeri,valenti,perfecti,indivi,originali,virgini,evangelisti,morali,officinali,angelini,olivetti,favori,anni
intelligence,intellect,intelligent,intelligencer,intellectual,smartness,intellegence,inteligence,inteligent,intellectuality,iqs,intelectual,smarter,inteligencia,inteligente,intelligently,intellectually,intellectualize,smart,giftedness,intellectualization
intellivision,intellilink,intellij,intelli,intellec,intell,omnivision,microvision,invision,vistavision,computervision,intellisense,intelectual,cablevision,hikvision,wandavision,jltv,inteligence,vlive,intel,pureview
intensely,intense,extremely,fiercely,severely,heavily,intensively,dramatically,aggressively,intently,extensively,extreme,intimately,incredibly,intensity,ferociously,highly,harshly,immensely,violently,overly
interferogram,interferometry,interferometric,interferometer,interscience,ifm,intercomparison,interscope,interlaboratory,intersolar,interfer,multiwavelength,interobserver,holography,picogram,interorbital,intermolecular,metrology,interdimensional,interm,microscopy
involvement,participation,involve,participate,affiliation,responsibility,cooperation,initiative,responsible,accountability,engage,isation,role,integration,contribution,cooperate,instigation,joinin,participative,attending,coöperation
iraklion,irakli,irak,irac,irap,iram,iraj,heraklion,irag,iray,arik,iraqi,irawan,irgun,irb,irion,irace,irbm,hellriegel,indyk,iraq
isa,isac,isam,isai,isap,isae,isan,im,isat,isaw,isak,isation,isard,institute,isaid,isay,insp,isaf,ib,initial,isar
jamin,jammin,jami,jaman,jamon,jamón,jam,jamii,jamun,jamil,jamy,bobin,jamu,ramin,rollin,jamey,jamir,jammy,ragin,jarin,jammie
jde,jie,jpe,jce,jte,jre,jdi,aje,jda,jne,jdd,jee,jse,jide,jme,dje,jbe,japanse,jdl,jdm,dbe
jeffrey,jeff,jeffy,jeffer,jhm,hhh,jhr,jeffree,jeremy,jenny,hjs,toby,his,damian,jeffrie,johanna,jefford,jeffco,johannah,shh,jeffery
jelsa,jalsa,chelsa,celsa,kalsa,yalsa,bolsa,hilsa,ailsa,jela,gisla,marlisa,chelse,lelisa,lysa,kelsi,felisa,wisla,lesa,celesta,maja
jepara,okpara,parapara,pripara,jera,kaipara,jeeva,jefa,jep,jer,vivipara,jelani,jeab,jega,waipara,nekopara,kampar,joppa,ropar,jeru,jeram
jeung,jeong,joung,yeung,jeo,jeg,jeen,jeon,jeol,jeh,jeah,jeu,jeem,jeje,jej,jehol,jeez,kyung,jeju,seung,jego
jiangman,jiang,chinaman,ryman,leeman,waman,chaman,yaman,cowman,shuman,ximan,chipman,koman,maiman,jiangnan,kaliman,weiman,tigerman,sarman,carman,dingman
joleen,jolene,jolina,joslin,joll,jolan,jolynn,kayleen,marleen,jolle,jola,jolin,aileen,jorel,joli,heleen,rosaleen,jol,jolanda,jorie,kaleen
joom,joop,joo,joon,jom,jcm,jook,jool,joor,jood,joong,janm,joomla,jjm,jrm,joox,jpm,joost,jfm,jmm,jmp
jti,jtt,jta,jsi,jth,jnt,jni,jli,jfi,jts,jlt,jtf,jtl,jst,ijt,jmi,jto,jati,jsut,jte,jhi
juntao,junta,congresso,bando,termo,democratico,democrático,matho,punto,chairo,solaro,tilo,sito,herbo,rivero,salto,brito,heraldo,deserto,ministero,londoño
kadett,kadet,kaden,kadek,kade,kett,kott,kader,kadesh,tait,lanett,piatt,zett,minett,ktt,xlt,burkett,taitt,nett,marett,avett
kahrs,kohrs,khr,kar,kehr,bahr,karch,kasr,karr,karson,schr,mohr,behrs,rahr,gahr,dahr,cohrs,mahr,rohr,kaer,kark
katan,katarn,katana,katalin,katanne,kata,katar,mian,kon,zan,katai,kian,katin,zun,katari,kattan,katara,karman,katarina,katakana,kat
katu,tabu,katun,kati,patu,pinku,kathu,ratu,mitu,kyu,katou,kath,kayu,kat,pitu,katsu,kau,budu,kitu,matu,kathi
keatt,keat,keate,kett,keet,keaton,keota,keast,scatt,kert,wiatt,ketch,kette,keta,keath,hiatt,kellett,kear,cassatt,ucatt,guyatt
keir,keiper,keira,keil,keiler,keiner,keilar,keillor,keilor,kein,keiran,keiren,keirin,keister,keiser,keiller,keion,keim,keiron,keit,keizer
kem,keum,keem,keam,kelm,kema,kemah,keme,cem,kemin,kerm,kemi,kum,ksm,kek,keamy,kemo,kmm,kom,kemet,kemar
kemco,kymco,mimco,remco,pemco,semco,temco,gamco,pimco,kepco,kemo,kerbero,keo,kero,kmo,keko,aramco,aamco,kerio,nimmo,mko
kerameikos,keramik,keremeo,kemo,kyrgiakos,keram,kero,sudeikis,kemetic,keoki,markaki,kyrenia,keko,kerak,greece,hellenic,kerikeri,ke,aek,keka,kerio
keuchel,mouchel,baruchel,kettell,kell,houchen,kebbel,kebbell,keevil,kel,kehl,kessell,metuchen,keulen,seigel,bouchet,kelch,keasey,neuchâtel,neuchatel,faucheux
khimki,rahimi,khemka,tahimik,ghimire,brahimi,schimke,khomeyni,khim,khamis,kathimerini,khalili,kasumi,bhimrao,hochiminh,khiri,khaidi,bhumika,nimki,khamsin,yohimbine
kidron,kidson,childern,kidner,yaron,dayron,childr,unitron,biron,kidan,itron,karon,myron,childen,robotron,childer,farron,quadron,goron,kidrobot,kidjo
kinzler,hutzler,kanzler,kintzler,kinzinger,wetzler,kinser,hetzler,kinzer,dotzler,penzler,hartzler,baszler,kistler,kinzel,kranzler,kinner,keiller,kintz,kintner,kastler
kirmani,kurmanji,virmani,kirman,kirsi,kibali,nimmi,kiri,kiir,kili,zalmi,kilimani,kisi,kiritani,hilmi,iommi,khiri,kismayu,kilian,kalki,kirgiz
knepper,knepp,knipp,kuepper,knopfler,knopp,kuemper,knapper,knop,koepp,knopf,kneipp,culpepper,knupp,knapman,knerr,knebel,knp,clopper,plepler,gropper
koeln,koelsch,koehn,koenen,hameln,koel,kohle,kahlen,koen,kohl,koon,bohlen,goelz,koegel,kollmann,lowen,koehl,zahlen,kollel,kohlmann,kollege
kofa,kofi,kof,kafa,kfa,koffi,kofu,kufa,koff,mofa,jofa,sefa,safa,bofa,kaifa,cosafa,cofa,cifa,fufa,fafa,sufa
kopje,koje,koppie,kpj,dorje,papke,karpele,korpela,kipke,lepke,polje,kodjo,börje,borje,poje,koepke,kolja,kupka,koja,kopple,paje
korematsu,komatsu,komaru,komeito,komai,kasamatsu,koharu,nakatsu,kotomi,chikamatsu,yamato,konatsu,reiatsu,wakamatsu,hissatsu,takatsu,komaki,tomatsu,konata,kodama,komuro
kovar,kovin,koval,kovan,kova,kovr,kovac,kivar,kovu,kovač,navar,udvar,tovar,davar,thevar,hvar,kovat,kov,kove,invar,shavar
kove,kova,kov,kovin,kovu,koven,kovan,koval,kovac,kovel,kovar,kovr,kave,kovač,bove,kovic,bové,kover,kope,ove,kovat
kraftwerk,nettwerk,handwerk,kraft,iwerk,vorwerk,gesamtkunstwerk,bawerk,handwerker,twerke,twerk,volkswagen,komplete,maschine,maschinenbau,nirvana,industrial,kerrang,machine,maschinen,factory
kreuzberg,kreisberg,herzberg,kreuz,kleberg,hertzberg,kreuziger,salzberg,kreis,malzberg,rehberg,klingberg,helzberg,gruenberg,herzenberg,kohlberg,kronberg,schatzberg,kreuk,kreuzer,schlossberg
kurosawa,kuroshio,hirasawa,kurokawa,kurosaki,kuroshitsuji,osawa,shirakawa,karoshi,hirakawa,murakawa,murakami,ozawa,misawa,kurobe,hirosaki,kurashiki,kurogane,nakazawa,kanazawa,hirohito
lafleur,lefleur,bellefleur,barfleur,lafley,lefler,honfleur,laffont,lafollette,lafrance,laqueur,lareau,latrell,latreille,leclerc,lavette,lafontaine,laflin,lemercier,laforet,couleur
lafley,chifley,lafleur,wilfley,hefley,lafferty,laverty,larrey,latroy,lahood,lary,iffley,laremy,mccovey,lajoie,lazier,lazenby,lavoy,lany,mcleay,laufey
laker,lavar,basketballer,jeffrie,baller,kobe,nbl,kober,lakeway,lakeman,lac,lebron,laken,nba,kyrie,lakey,lar,basketball,kanter,lakeisha,basketbal
laki,lakki,laka,lari,lako,liki,lakai,lahi,lak,laali,laiki,ladki,lahai,lakin,leki,laku,kuki,laak,luki,lagi,laski
lanyard,goyard,necktie,bracelet,clasp,accessory,halyard,neckband,necklace,badge,wristband,bandanna,collar,caddy,tie,cuff,keychain,carabiner,cufflink,dooryard,towel
laputa,lapita,lapua,lapa,batuta,ikuta,laplata,babauta,lapu,pluta,minuta,bauta,furuta,cornuta,voluta,lappa,kouta,touta,yuuta,acuta,nauta
lassus,lasso,lassi,lassie,lassy,lassa,lasseter,lassen,lasser,lasse,lassman,lasson,lassiter,lassila,lassard,lassell,lasst,lässt,baldus,lass,lasswell
latanoprost,bimatoprost,prostaglandin,eyedrop,antihypertensive,propranolol,prostacyclin,ophthalmol,timolol,glaucoma,misoprostol,levaquin,iop,levofloxacin,metoprolol,losartan,perindopril,lansoprazole,eyewear,lupron,labetalol
laure,lauer,lauret,laur,lauter,laurer,laury,lause,laune,lauper,lare,laurea,laue,laurin,laufer,laurine,laurette,lere,leire,launer,laube
laxey,laxer,laxly,mackey,laxness,laxity,laxton,curley,laxenburg,lax,laxalt,laxman,laxa,bushey,laxus,sealey,waley,ranney,baley,dolley,sankey
lebec,rebec,malbec,brabec,lebeouf,lec,leclerc,leblon,lubec,lebrecht,lefebvre,lecco,laennec,depeche,lebe,selec,abimelech,leco,belzec,debevec,lebrock
lebenslauf,lebensraum,lebensborn,leben,leboeuf,lebedeff,leuchtturm,lef,kaiserslautern,weinbaum,lebenthal,lebensmittel,erlbaum,knauf,lebeouf,leffe,lichtblau,lebrecht,oktoberf,liebenberg,getzlaf
lecanora,lera,lefkara,lerna,leura,leca,lella,calera,lora,lerida,lelia,ladera,leliana,lero,leja,lira,pescara,lela,lebra,lecia,lerone
leeuwen,leeuwin,leeuwarden,leeuw,nouwen,bauwen,leeuwenhoek,douwe,leen,leeanne,een,nieuw,nederlanden,dutch,bouw,geen,brouwer,houben,nieuwenhuis,douw,kouwenhoven
lerche,larche,kerche,kirche,garche,ricerche,lerch,leutze,kercher,larcher,leriche,leckie,lehre,karcher,horcher,lehne,kahle,lehren,kärcher,lechler,lechlade
lightbridge,lightrail,lightbox,lightstream,light,lightwell,sunbridge,lightwave,lightblue,bridge,lightsail,homebridge,lighthizer,lightner,lightfoot,lightener,lightwater,lighthearte,lightboxe,lightbar,lightwood
lingerie,busty,bra,underwear,undie,panty,undergarment,nightwear,bustier,brå,corset,wardrobe,ladieswear,clothing,sexy,eveningwear,swimwear,apparel,loungewear,garment,shirtdress
lithic,lith,palaeolithic,paleolithic,lithological,lithos,lithology,lithe,stone,lithiation,lithia,phytolith,stoneware,litharge,lithologic,litha,lithop,stonework,lithotomy,archeological,litch
livery,liveryman,liverie,ornamentation,plumage,cockpit,fleet,colourful,decal,vehicle,onboard,peacock,feather,exterior,watercolour,taxis,merchandise,logo,outfit,heraldry,fuselage
lobata,lobato,barbata,sabata,lobaton,shibata,lobna,lobatse,vrbata,lovisa,tobata,kalibata,loba,bana,lomita,sabato,lopata,loma,kawabata,lomba,elberta
loreta,loreto,loretto,lorella,lorette,loredo,loret,loreena,loredana,paleta,loreal,marieta,marita,mineta,lorelle,lucasta,gazeta,gazetta,fanta,nicoleta,limata
louima,ilima,loum,laima,azima,zima,siima,lamma,ilma,terima,katima,calima,marama,olma,halima,majima,nyima,yerima,loui,delima,unima
lowri,lowi,lowrie,lowa,lowie,lower,low,lowder,lowan,lowish,lowrey,woori,lowther,lowrider,lowly,löw,arri,lari,lowick,yari,leri
machynlleth,macheath,chynoweth,gwynneth,carnwath,machrihanish,mackenroth,wesnoth,poynton,morpeth,aberystwyth,gwenyth,haygarth,machen,bronwen,maspeth,mach,cynwyd,machugh,abercynon,machel
maemo,maeno,mae,mamo,minamo,mãe,jarmo,marimo,sammo,nimo,komo,tommo,gimo,maestoso,tiamo,zemo,aemo,yomo,kumo,marmo,jomo
mahad,mahadev,mahat,maha,mahar,mahant,maham,mahabad,maed,mohand,mahan,maharaj,mohanad,mahatma,majed,kand,mudd,mahadeo,malad,mahamudra,thad
mahrez,maz,mazouz,mahnaz,mauritz,maza,mahfuz,mahram,mazi,mahfouz,behrouz,mahr,mazdoor,mazar,mafraq,mazur,mashreq,mametz,mauch,mazak,remez
makua,makuu,makueni,kekua,kokua,makuta,maku,mauka,makaha,maka,mikula,makuhari,maaka,mamoa,makina,makau,maua,maunakea,mawa,mahu,mau
manzanare,manzanera,manzanar,manzana,manzanita,manzanillo,manzanilla,manzoni,manze,manza,manver,mande,manzur,mantaro,manvel,manford,mantashe,manz,mandera,manzo,mante
mara,marai,marae,marah,marana,maram,marama,marathe,marar,maraca,maraya,marami,maral,maracanã,maracana,maran,marang,marawi,marak,marano,marago
marjoram,marjory,marram,marjoribank,mar,marham,jeram,marom,jairam,khurram,joram,marjan,marjolein,bajram,ajram,ahram,matram,marm,marmora,margam,marwar
martagon,martaban,vigon,tygon,morgon,marta,mondragon,baygon,någon,martavis,lagon,dagon,dodecagon,sargon,märta,márta,vogon,calgon,mondragón,yeng,cogon
maryam,maryum,mariam,marya,maryada,maryan,mary,hamam,maryna,azam,milam,aham,tamam,mariama,salam,betham,maryana,omam,haraam,messam,maam
masterclasse,masterclass,master,maestros,enseignement,mastership,masterwork,mastery,seminar,instructor,course,lecture,professionnel,pedagogue,aprender,mastermind,masterchef,traine,class,masterman,superclass
mcclendon,mclendon,mcclennan,mclennan,maclennan,mcdon,mccudden,mccadden,mccullen,mccloud,mcelderry,mcconville,mccrindle,macdonnell,mccullin,mcclain,mckendree,mcclenahan,mcculloh,rendon,mcclernand
mccool,mccole,mcclean,mccaw,mccoll,drool,phool,coool,mccord,mccown,mccue,mccone,mccoo,cabool,grool,mccune,mccant,oool,mcclain,mccuen,mccumber
mcdm,mcm,mcgm,mcd,mcmc,odm,mcs,cpdm,pgdm,bdm,vdm,mcpd,kdm,fdm,mcsd,xdm,ndm,mcp,mcb,mcrd,mcg
mckennon,mckinnon,mckenny,mckain,mckenney,mckeon,mckennie,mckenry,mckean,mckendrick,mckern,mckernan,mckendry,mckendree,mckuen,mckesson,mckiernan,mckown,mclennan,mclernon,mckeen
medford,mitford,metford,mumford,medfield,westford,midford,medlin,medwick,medlock,montford,medcity,medill,medhurst,medlen,medius,medwin,medrano,medwyn,medine,redford
mesdames,meas,perdóname,myname,memet,me,meseta,mewis,mescal,mesma,name,mesmo,mext,mease,memex,memeber,memphite,meso,meself,mesmer,renames
middleditch,middlemarch,middlewich,middleham,midsomer,shoreditch,midwich,middlefield,middelton,middlesborough,middlebury,middleborough,midhurst,middlebrow,middleby,middlewood,middle,middleport,midford,redditch,midwicket
millenniums,millennia,century,millenium,decade,millenia,millennialism,millenarianism,millenarian,year,postmillennial,endtimes,millennial,multibillion,thousand,millisecond,centimes,billion,millenial,millikan,multiyear
millgate,milgate,margate,castlegate,millbank,northgate,moorgate,woodgate,millwood,millport,southgate,newgate,westgate,redgate,ashgate,eastgate,millhouse,milltown,churchgate,rivergate,millfield
minack,novack,meck,minard,monck,alack,minako,nock,nack,minang,feck,donck,vinck,minah,diack,lauck,jenck,keck,minarik,beeck,oreck
missoula,montana,missoulian,bozeman,montaña,catahoula,okla,slc,mariola,missoni,montanans,mississip,misso,snoqualmie,kelowna,oreille,missis,nakoula,nauvoo,yakima,minn
mitrovic,mitrović,mitrovica,petrovic,petrović,petrovich,mitic,petrovitch,petrovski,krovi,mitov,petrovac,petrova,ivanovic,mitica,jovetic,kirova,ivanović,petrovka,korova,mirotic
mohawk,mohawke,jade,forehead,tribal,iroquois,braid,ponytail,tribe,salon,ninja,shaman,hair,shamanic,hairy,mustache,hairstyle,tattooed,fur,mane,brant
molchanov,kolchin,kolchak,lukyanov,shulchan,stakhanov,bocharov,stepanov,zhdanov,nalchik,yelchin,kasyanov,bazhanov,falchuk,ulanov,mogilev,mikhailov,baranov,vyacheslav,mikhail,ovchinnikov
monsey,mackey,godsey,brassey,cropsey,maxey,hersey,godey,monsell,monsen,oakey,mooney,monse,cooksey,nooney,mabey,dickey,oaksey,livesey,gilley,donnelley
montage,footage,vlogge,megavideo,vimeo,multimedia,playback,vlog,clip,audiovisual,videoclip,vid,vidmate,slideshow,cinematic,showcase,video,montt,replay,prose,moment
moratalla,pantalla,attalla,motala,dalla,mora,moratti,niumatalolo,attala,tantallon,lamela,kristall,solla,tortall,morata,morato,yatala,mirandola,dallaglio,moraga,austalia
morrissette,morrisette,morisette,morris,salsette,morrisseau,lisette,susette,presette,morrissy,morristown,morrisville,morriss,morrisania,morrish,cosette,morriston,morrisey,melmotte,cecile,cécile
mudra,mudar,mudda,muda,mudro,mudassar,mahara,manera,gura,mudaliar,mudah,manara,mitra,sidra,mudan,mudi,muder,adara,hatra,shamra,thara
mujin,sujin,mijin,imjin,temujin,sejin,tenjin,temüjin,muji,tajin,yujin,najin,enjin,dojin,mushin,sojin,mushi,mujo,daijin,woojin,youngjin
munno,konno,munny,mullane,muno,muro,musso,mungo,muzo,mullany,munn,musco,mullione,muso,hirono,muyo,flanno,murilo,munera,muramoto,nimmo
murphy,murphysboro,dummy,closure,joiner,composure,splendid,gallagher,matcher,joinery,marginal,pretender,erin,farrell,mcgrath,pretend,daly,vary,darker,deliberate,corker
mussalman,musalman,hussam,kassam,mussulman,mussa,hulman,zalman,gossamer,shulman,silman,ullman,kelman,bulman,hussan,hilman,tolman,muskaan,mellman,culman,fulman
myxoma,myxomatosis,myx,myxoid,myoma,myco,myc,insulinoma,myxedema,adenoma,hybridoma,myo,myoclonic,mycin,mycetoma,mygm,anoma,lipoma,atheroma,yerxa,pox
naht,nahant,nahh,nahm,ahat,waht,haat,nht,hast,nhat,aht,nahman,ahit,thаt,hht,noot,nahata,tht,nahin,nhất,ehat
naleo,puleo,jaleo,sileo,kaleo,kleo,nalgo,nalo,lelo,naldo,nao,nale,não,lero,peleliu,nào,lado,bolero,loligo,nal,pulao
native,natively,indigenous,traditionally,traditional,indigenously,indian,aboriginal,nonnative,ancestral,naturally,foreign,newcomer,natural,naturall,tribal,multicultural,ethnic,exotic,conventional,foreigner
naxx,nax,naxxramas,nxx,nexxus,naxos,doxx,nrx,nex,vixx,nalder,vexx,naxi,nard,naris,nal,nack,shax,nux,lox,naught
neapolitan,neapolis,apulian,piedmontese,italian,constantinopolitan,neap,mammoliti,catania,napoli,campania,usonian,italiano,chiaro,apulia,neulasta,napoletano,piemontese,calabrian,notaro,ligurian
neighborwork,neighbor,neighbour,neighborly,neighborliness,soilwork,yardwork,groundwork,neighborhood,backyard,handywork,neighbourliness,earthwork,worker,neighbourly,handiwork,workin,blockwork,teamwork,work,waterwork
neman,nema,nem,nemu,nemet,neiman,nemani,numan,neme,nyman,niman,nahman,noman,nemat,ekman,nebot,nemi,nek,erman,teman,numen
nemu,nemi,semu,nema,temu,nem,memu,lomu,somu,mamu,enmu,neman,nomu,cemu,kumu,komu,neme,mimu,gomu,ilmu,aremu
nessie,nessy,ness,nessi,mossie,floatie,doggie,nessman,stuffie,nesse,nesson,nessa,fishie,duckie,nessus,sheltie,woodie,nessesary,heartie,nesser,shellie
neuffer,neuf,neufeld,neuhoff,neufville,neubauer,hauff,bouffe,neff,chauffer,mouffe,pouffe,pfieffer,kieffer,neugebauer,shaeffer,ufer,rauff,neuwie,seufert,bouffier
nickens,nicklen,nickson,mickens,nicker,nick,nicke,nickle,nickerson,nickey,nickie,nicklin,saëns,nelsen,niks,nicko,nns,nicas,sns,nickla,nickol
nif,snf,nifl,npf,nnf,niff,nifa,nff,nuf,nife,dnf,ncf,snif,sif,icf,pnf,nwf,ilf,nof,iff,irf
noael,nol,noll,noul,nool,nolle,nohl,nolt,nathanael,nolo,anel,nole,noil,nolen,nouriel,noller,noli,nolin,noleen,nold,nolly
nonsmooth,nonconvex,nonzero,nonoverlapping,nonmotile,noncontrolle,nonslip,nonmove,nonaligne,nonpareil,non,nonpermanent,nonrandom,nonintervention,nonvenomous,nonpolar,nonsingular,nontraumatic,nonfinite,nonaccrual,noncontroversial
nyj,nyjer,jnj,ncj,jyj,nej,nyy,yjs,nmj,oyj,dnj,nyk,nyi,nyg,nyjah,jjj,thej,noj,anj,nij,naj
olaplex,pulex,culex,selex,atriplex,supplex,relex,aniplex,olx,silex,eulex,cataplexy,graflex,optiplex,comlex,tolex,olap,cplex,rolodex,circumplex,bolex
olinsky,solinsky,oline,dubinsky,gilinsky,olney,olov,polinsky,lipinsky,karlinsky,galinsky,kaminsky,oller,olinger,lewinsky,olshansky,olina,belinsky,olin,olton,olsson
omiai,omi,omai,ochiai,omei,omoi,aoi,ori,omie,omsi,noriaki,omori,omoni,omou,ogi,omri,omu,omeone,oai,ohai,nuaimi
ommitte,omlette,hammitt,omlet,omne,ommy,lhermitte,omelette,omethe,ombud,ommission,omt,ombre,ermitage,omelet,ommatidia,ombré,oportet,omnishamble,dimmitt,omnicare
ontogenetically,ontogenetic,ontogeny,ontogenesis,embryonic,pregenerate,evolutionarily,biologically,organismal,organismic,foetal,phylogenetically,developmentally,utero,procreative,evolutional,genetic,biogenetic,ontologically,morphogenetic,morphologically
oscuro,oscura,curo,locura,osculum,mercurio,dioscuri,escudo,sucuri,duro,auro,nosotro,quadro,ocurre,guro,morro,progresso,puro,uroboro,moncur,loro
otterburn,otterton,otterson,otter,ottershaw,otterbourne,ottery,springburn,saltburn,otterman,ratburn,silverburn,elburn,ashburn,thorburn,eastburn,loreburn,pangburn,reyburn,redburn,raeburn
paleoclimatology,palaeoclimatology,paleoclimatic,paleoclimate,paleoecological,paleoecology,paleoenvironment,paleontology,paleoenvironmental,palaeoecology,paleontological,paleoceanography,palaeontology,palaeoenvironmental,paleobiology,palaeontological,paleontologist,paleogeography,paleogeographic,paleoanthropology,palaeogeography
panaji,panji,paaji,pani,panahi,panayi,panni,panjabi,appaji,panini,panchami,panesar,pandi,panchali,netaji,banaji,panja,pankaj,panjim,panish,panj
paralel,parrallel,paral,parol,lel,apel,paralegal,parel,speciall,paralog,para,thinl,teel,lpl,parlo,prel,barel,parul,parl,parle,celular
pareja,parejo,calleja,freja,paria,parousia,taneja,parilla,parele,parla,parece,parranda,parmele,parida,parula,parietal,parna,parmelia,parra,parga,parede
parrinder,parr,parler,parer,parlier,parre,parmer,parmenter,parra,parrish,parrett,parrikar,parral,parris,parlin,parlour,parren,parminder,par,parro,pardee
peever,peeble,peeple,peeter,peeper,peeve,peet,peev,peep,peen,peevish,peezy,peem,peeth,peephole,peevishness,peevishly,peewee,peete,pissy,peepin
peka,peko,peki,peke,pek,peca,pekka,pekin,huka,leka,keka,peja,moka,pela,petka,pekar,moeka,pekan,seka,pemba,pelka
penology,penological,penologist,penetrative,penial,pendentive,sexology,penurious,pend,pendent,penetrance,penitence,pendency,penetrometer,pen,penmanship,proctology,penetrable,penedo,pent,penet
penwith,penton,penfield,penington,penland,penden,pendle,pendley,penley,penick,penhall,pentland,penrith,pench,penman,sandwith,peno,penruddock,penfold,penzance,pensford
peppermints,spearmint,mint,catmint,livemint,pepper,doublemint,tobaccos,furmint,varmint,candy,pepperoni,peppery,flavour,toothpicks,minty,pepperwood,capsaicin,spicy,spice,peppercorn
persevered,perseverance,persevere,perseverence,perserverance,perseveringly,peradventure,perience,undelivered,pervious,surpasse,overcame,following,perceptive,perfidy,perpetuity,triumphing,along,perkiness,persecute,perpetuate
personalisation,personalization,personalise,customisation,personalize,individualisation,customise,individualised,customization,individualization,individualise,customisable,personalist,individualized,customize,personalty,stylisation,customizability,individualize,professionalisation,personali
petya,pettie,tiya,mitya,fanya,petie,mariya,fedya,piya,petka,ilya,natya,madya,kiya,nadya,liya,enya,petry,lenya,morya,eliya
phanerochaete,polychaete,spirochaete,phanerozoic,polychaeta,metazoan,annelid,oligochaete,metazoa,invertebrate,earthworm,annelida,oligochaeta,protozoan,archaeal,mesotrophic,phylum,nematode,worm,anaerobe,spirochete
phenominal,phenom,phenomenom,phenome,phenoman,phenotypically,phenomenological,phenotype,luminal,phenocryst,phenotypical,phanom,phenomenologically,phenetic,luminiferous,pronominal,phenotypic,phoria,phenoxy,phenomenology,phantasmal
photoperiod,photoperiodic,seasonality,phenological,phenology,midwinter,anovulatory,seasonal,sunshine,sunlight,daylight,daytime,circadian,dusk,vernalization,febuary,month,circa,photometry,summertime,premenstrual
physi,physic,physico,physik,physio,physick,physica,physali,physcial,physa,phy,physiol,physiographic,physikalisch,physican,physiologic,physiologist,physiocratic,physiognomic,physx,physiognomy
physico,physic,physica,physcial,physio,physiographic,physiologic,physi,physik,physiol,physiognomic,physiography,physiologie,physick,physiologist,physique,physicochemical,physiognomy,physiocratic,physican,physikalisch
pileggi,poggi,peruggia,pile,goggi,moggi,iggi,malignaggi,saggi,pileup,pasta,biaggi,siggi,jaeggi,pilecki,viaggi,pilet,pilea,gramini,pogge,grossi
pipistrelle,pipistrellus,pipit,pippy,pipis,pip,pippi,pipal,pippo,pipper,pipa,pipsqueak,oriole,critter,parrotlet,parrot,aquarelle,pipp,pet,cat,creature
pirkle,burkle,pirtle,pimpernel,kringle,sperle,pilfer,piffle,kragle,pilkey,pirkko,pringle,wunderle,pirke,pilferage,grunkle,kle,cringle,pilt,burkill,ringle
playbox,toybox,plaything,playspace,playon,play,playbar,playwrite,playbase,playroom,playt,playland,playfield,playbook,playact,matchbox,playlet,playscript,playtech,playpark,playmake
poate,poage,poat,poite,poise,poo,poit,oate,poa,poof,situate,pood,pooe,poast,poope,pone,posion,pout,peope,toate,pou
podgy,podge,poddy,podger,pod,podrick,podd,podrace,oggy,podunk,podo,podgorny,squidgy,piggy,piggly,ergy,froggy,bargy,egy,hoggy,poddar
pogo,pokemongo,pogoe,poge,pogi,gogo,pono,pogger,pog,poko,poggle,pogu,pongo,pungo,poky,jogo,gogogo,mongo,bungo,ptcgo,pokie
pokéstop,pokestop,poke,poké,pokemongo,pokeball,pokeman,pokéball,poket,pokevision,pogo,pokemon,busstop,pokémon,pokecoin,whistlestop,fullstop,niantic,pokee,around,outside
pommie,pommier,mammie,pommy,lemmie,pommery,gammie,temmie,shimmie,poky,gimmie,pompom,pomme,pomp,posie,pom,pomfret,hommie,pocky,pomsky,pompo
poorly,badly,detrimentally,grossly,horribly,bad,improperly,inadequately,crappy,poor,improper,poorer,awfully,pitifully,dreadfully,inadequate,stupidly,shitty,insufficiently,unpleasantly,wrongly
posillipo,ladipo,criollo,lolipop,pirlo,orsillo,oulipo,celso,filipo,sanfilippo,pulido,celilo,ladislao,pusilla,defilippo,interlago,aniello,tullio,poffo,pico,ponchielli
powerd,power,powerful,powergen,poweredge,powerset,powerup,overpower,powertech,powergrid,powerfull,powerstation,happend,powertrain,powerman,powerbase,workd,powerglide,depower,powerhouse,powerbook
preme,premie,prem,premi,premo,premade,prema,pree,premia,pre,premine,prempeh,pré,premixed,premarket,preece,preppe,preloade,preem,premera,predecease
presid,presidium,presi,presidio,pred,consid,mysid,essid,hassid,icsid,fusidic,hassidic,preceede,prid,prentiss,prescod,preziosi,près,prés,precis,pre
presumptuousness,presumptuous,presumptuously,presumptious,presumption,presumptive,sumptuousness,impetuousness,presumptively,ingenuousness,sumptuous,unctuous,innocuous,impetuous,tenuous,pretense,disingenuousness,presumable,virtuous,vertuous,presume
preterm,prematurity,preemie,premature,gestational,prematch,perinatal,neonatal,utero,gestation,pregnancy,pregger,nicu,prego,prenatal,preggo,prek,foetal,pregancy,newborn,pre
propertius,propert,propertie,proper,vettius,totius,titius,attius,aetius,citius,senatus,tertius,lactantius,notatus,legatus,leontius,tatius,yesus,nicety,propery,niceta
prothom,prothro,proem,prothonotary,prohm,pro,protag,prothrombin,progr,prostaff,proam,pronotum,proxemic,pross,prow,pron,progam,procoagulant,prothero,proxima,prothesis
puregym,pure,purex,purebre,purefood,purest,puregold,puree,bodybuilder,pureology,purée,fullbody,purefoy,fitness,bodybuilde,puréed,muscletech,purity,pureview,purer,gym
quet,quent,quem,quente,querent,quel,quess,quek,quen,que,quetelet,quot,qué,quee,meret,quer,quê,tait,quetta,queeg,nett
quintino,tarantino,costantino,vicentino,sorrentino,florentino,quinto,qui,quinte,casentino,quille,fiorentino,quentin,quiero,quino,quin,quinze,quina,quillan,quintal,quillen
quirky,quirk,dorky,quirkily,quirkiness,wacky,oddly,strangely,strange,weirdness,peculiar,weird,weirdly,bizarre,unusual,weirdy,unconventional,amusing,weirde,quibbler,squiggly
qusayr,qusair,qusay,qaiser,husayn,yassir,quar,qaisar,kassir,qunari,qadar,wajir,quraish,qamar,qader,qadir,qar,qasr,khayr,quatar,saqr
rack,rackmount,racker,rackspace,mounting,rackety,racket,chassis,hardware,closet,hanger,hoist,haul,shelf,rackin,container,rail,mountable,stack,box,equipment
ramda,ramada,hamda,marda,ramdin,rueda,dinda,asada,tanda,ramya,ramdev,adida,ruda,rami,irada,darda,ramla,chadda,bayda,ramba,sarda
ranum,ranulf,ranma,ranh,ranu,rane,ledum,rano,ranheim,ranft,raneem,raum,ran,ranee,ranulph,rantz,runion,ranunculus,ranong,rance,ranx
rapana,rapala,rapa,ruana,rapino,agana,torana,dragana,acana,riana,rappa,raposa,solana,rapini,rumana,zenana,rapi,rina,lanna,tamana,rapson
raqib,naqib,saqib,rakib,aqib,raqqah,raqqa,naguib,rabab,rabi,rab,najib,yaqub,rabah,raq,rahab,rabia,rachid,raab,shakib,naqab
rashtra,rashtrakuta,rasht,rashmi,rashba,rasha,rashtriya,rashtrapati,rashi,sastra,rasher,tantra,saurashtra,yantra,rastra,chitra,yatra,rashard,jatra,mittra,rasheeda
raso,ruso,iro,saso,rason,rasa,rasco,daso,rase,arso,ruo,rasor,rasu,taro,rodo,ryo,raio,rono,saro,rugo,tano
rayalaseema,raya,rajma,raymi,varma,shamma,purnama,rayagada,utama,jayma,ummagumma,sarama,manorama,kalima,padam,rashmi,basma,prasadam,syama,magatama,wasallam
raymie,raymi,jaymie,starmie,rayy,jammie,raylene,kimmie,jayme,sammie,raymore,jaimie,gomie,raymer,rommie,emmie,rayne,rayney,raymund,timmie,tommie
readington,mannington,headington,ington,winnington,chillington,lovington,whittington,fitton,stonington,reading,langton,tottington,cannington,edgington,workington,easington,billington,symington,banton,killington
realty,realestate,realtor,property,homebuyer,realtytrac,reit,realer,realte,realest,buyer,seller,mortgage,mortage,proprietress,zillow,brokerage,listing,réalité,residential,foreclosure
recensione,recension,recommissione,recede,receve,recutte,recomment,recreo,recency,rec,recen,recuerda,recur,recurso,recre,recrute,recuay,recor,reco,recreativo,recogni
reedy,reedie,weedy,willowy,micky,reed,reedus,mossy,airy,reedley,birdy,marshy,pondy,craney,grimmy,maty,franky,ruddy,socky,kilday,martiny
reidenberg,rothenberg,schwarzenberg,frankenberg,denenberg,reidsville,rotenberg,reichenberg,levenberg,brandenberg,luxenberg,reidel,katzenberg,weissenberg,ruthenberg,isenberg,steenberg,friedenberg,altenberg,reid,hindenberg
reitter,retter,reiser,reiter,reith,reiger,reimer,reiver,reisler,reisner,reist,reiss,reisig,reim,reiff,reitz,reisterstown,reisinger,reig,reira,reissig
renoise,renovate,renourishment,renounce,renomination,revitalise,reno,refurbishment,renovator,reburie,renouncement,refreeze,ritualise,restyle,remodelle,redone,redrawe,renominate,renationalise,revitalisation,renovation
restage,restate,rest,restring,restor,rester,restive,restfulness,resteraunt,restatement,restrung,reste,restitute,resto,resta,rearreste,restalrig,restful,restall,restric,restfully
rheya,rhey,rhona,rakaia,milka,rila,rela,yhey,rhoa,rhetta,lysa,sharona,rola,rhiana,rla,aysa,ghey,whey,rheda,rula,rala
rielly,rily,rilly,rill,rile,rielle,riky,skelly,ritzy,martelly,riel,pengelly,rilee,rindy,riall,rille,roly,rila,ritchey,brailey,ruly
rimm,rim,rimmer,ramm,lum,rime,gemm,mim,maim,roem,rimmel,mumm,shim,kimm,skim,yum,num,jum,gloriam,beem,rimer
rng,randomness,chance,luck,randomly,luckiest,random,unlucky,randomize,roulette,randomizer,probability,lottery,luckier,randomization,randomise,pseudorandom,rarity,loot,unluckily,rnk
roary,roarin,wildey,ragey,brushy,roarer,snarly,roar,roark,firey,rashy,hayy,rody,growly,brucey,thumpy,yellowy,reedy,filey,lity,goldy
roode,rood,coode,roodepoort,rooz,roald,rooy,erode,clode,roose,roh,fode,roustabout,roud,roost,roust,roodhouse,rozy,rooper,kayode,roly
rooter,root,rooty,rootlet,roote,planter,soiler,rootin,rootbeer,rootsy,pitter,fister,picker,weeder,rootball,pusher,tilter,graber,strainer,stacker,cruncher
roseman,rosemann,hallman,rosenman,hillman,roseland,carman,rosehip,chipman,rosea,berryman,heyman,holyman,gutman,rosemond,hinman,volman,colman,buckman,rosemont,rosehill
rosenbergii,rosenberg,rosenberger,riii,douglasii,medii,lucii,angiolini,onii,gordonii,lviii,junii,camii,beckii,elliottii,antonii,wrightii,drummondii,fviii,vasilii,rgiii
rotavirus,diarrhea,picornavirus,virus,gastroenteritis,rubella,reovirus,diarrheal,rotifer,poliovirus,reoviruse,adenovirus,diarrhoea,rotimi,rotulorum,diarrhoeal,viral,rotom,rnav,rhinovirus,rotem
royalist,monarchy,aristocratic,royal,royalty,monarch,monarchic,princely,monarchist,monarchie,gentry,aristocracy,monarchial,nobility,majesty,royally,monarchical,loyal,nobleman,aristocratically,regal
rpgmaker,gamemaker,rpg,patternmaker,gamedev,roleplayer,gameforge,maker,mapmaker,ultimaker,arpg,ttrpg,bowmaker,bookmaker,tabletop,wannamaker,crpgs,framemaker,litrpg,homebrew,roguelike
rull,rul,rall,rill,rulle,holl,ruhl,stell,sill,rosell,boll,rell,rully,chall,moll,nill,rual,rulon,böll,kull,rulz
sabet,nabet,shabet,sabi,sabri,saba,sabit,kibet,habet,gebet,sab,sabe,sabate,sabai,sabo,sabb,sabina,loubet,sabra,sabie,tebet
sajc,saj,sjc,sajjan,asajj,ujc,ajc,saac,cjc,scj,jcjc,ijc,sajda,saja,ajcc,saarc,cjsc,sajjad,ejc,rjc,pjsc
sandor,sándor,sandar,sandro,sandur,sander,sandara,nador,sandel,sandri,sandero,sandomir,sandler,sandin,sandoz,sandon,sandover,bator,sando,sanda,sandu
sarit,sarti,sarat,sart,sarita,sert,irit,sarsat,basit,serait,sarlat,sulit,sirat,ronit,rayat,sari,ramit,suat,erit,sarid,ashit
sarkozy,sarkodie,sartre,france,sardou,sarko,sarton,sarkin,macron,sarkeesian,sarky,sarsour,sarson,sart,sarthe,sarry,sarte,chirac,sarkis,sarco,politique
schapiro,schapira,zapiro,schiaparelli,doppio,pitino,tipo,piro,scutaro,respiro,depaolo,retiro,schuco,scopo,malipiero,shapira,doppo,pierpaolo,barberio,ciro,beppo
scheindlin,scheinin,schmidlin,scheiner,schlein,schein,scheinman,schiffrin,scheint,scheinberg,zeldin,schiltz,schlitz,yedlin,schemin,schifrin,schilder,schwerin,hudlin,blevin,wendelin
schoolmarm,schooler,school,schoolmate,schoolboard,schoolin,schoolfriend,schoolfellow,schoola,schoolman,schoolmistress,schoolcraft,schoolkid,schoolday,schoolmaster,schoolwork,schoolyard,newschool,classman,schoolwide,schoolnet
schroedinger,schrödinger,schrodinger,schlesinger,schroeder,quantum,schlessinger,broglie,wavefunction,schillinger,schwinger,bohr,semiclassical,schrock,holzinger,shlesinger,entanglement,qed,slesinger,superposition,hofstadter
schwartze,schwartzel,schwartz,schwarze,schwartzman,ringe,nesse,bricke,boxe,schwartzberg,katze,schwartzkopf,jonese,trunke,freude,kleine,ringste,schwartzwalder,kempe,friese,darke
scotswood,thistlewood,silverwood,thornwood,blackwood,deerwood,wrightwood,glenwood,cordwood,wedgewood,applewood,beachwood,kingswood,mcguirewood,bearwood,marshwood,kitwood,wildwood,goodwood,bigwood,kirkwood
seeth,seethe,seet,seethrough,seether,seer,see,looketh,seeress,seef,seepage,seeta,glimpse,seeto,readeth,seeb,sight,seep,beholden,seex,seerah
sellin,marketin,selli,sellner,sellon,selly,standin,selland,sellier,cashin,layin,leakin,spreadin,selle,popin,testin,burnin,fallin,hostin,selleck,kissin
sententious,sententiously,sentient,sentience,sententiae,sentential,sententia,sententiarum,individuation,tendentious,sentance,putative,subjectivity,intentional,impersonal,personable,purposeful,personify,sentinal,inalienable,inanimate
sephardic,sephardi,sephardim,sepah,sepik,sepideh,sepher,seph,sepak,sepia,sephirot,separ,sepp,sepulture,separatist,sepi,separa,sep,sepehr,sepahan,sepal
sexxxy,sexxx,sexxy,sex,sexby,sexx,sexualy,xxx,xxyyxx,sexually,sexay,sexual,sexu,xxy,sexaholic,sext,sexily,sexy,xxxy,sexpert,sexbomb
shaggs,shag,shagger,tiggs,shaggin,coggs,jiggs,nuggs,skaggs,shak,shal,shard,shap,shadle,sha,shagan,shalt,shaddy,shab,shaff,dagg
shakily,shaly,shakil,shabbily,shakila,sulkily,shazly,shakin,shary,shaki,shankly,slavishly,shakiness,shadle,shak,squiggly,shaklee,huskily,shakib,shapley,rascally
sharecrop,sharecropper,outcropping,share,sharemarket,sharethis,intercrop,sharer,shareholde,outcrop,shareowner,shareit,shareable,crop,farmland,shareblue,stonecrop,groundshare,sharealike,sharing,plowshare
sherborn,sherbet,sherburn,sherburne,sherborne,sherbro,sherbrook,sherbourne,sherriff,shelburne,sherron,sheron,sherrin,sherwin,shebeen,shelburn,sherr,sherrell,shergill,sherrill,beorn
shodan,shokan,kodan,shonan,shonin,nandan,shoda,shodo,wodan,nidan,hodan,zadan,shon,xiaodan,mardan,kadan,kaidan,kundan,chandan,odan,gedan
shonna,shonda,rinna,shonn,konna,shoshanna,shona,shobha,ninna,arianna,shoni,shon,shonan,dianna,wunna,zanna,lonna,shayanna,cinna,gianna,shosha
shoten,shota,shote,shoto,shotokan,shotacon,hiten,shotoku,shotaro,goten,shotton,shott,shotwell,saten,shooto,shotz,mugen,shotter,shotta,shotty,laysan
sichuan,sichuanese,chengdu,tibet,cheng,chengyu,yunnan,tibetan,chengchi,china,yangtze,tibeto,wenchuan,chengde,cochinchina,yue,gansu,chu,henan,moxi,chenghua
sida,sido,sid,sidda,sidi,sidra,sidamo,sidan,sidika,sada,sidus,sidd,saca,sidhi,soca,siddu,sidiki,ika,sia,sidr,siddha
singleminde,simpleminde,single,singlehande,lone,likeminde,openminde,singley,singleness,narrowminde,absentminde,singlemode,solitary,singleplayer,singlehood,singletrack,singler,minde,standalone,loney,singlet
sinjar,sanjar,banjar,jarjar,gujar,anjar,kanjar,najar,khanjar,sinar,sinjin,hajar,sindar,gajar,hujar,gujjar,gurjar,najjar,sind,sindi,gajjar
sisteron,sister,brotherson,sibling,brotherton,sison,sisterly,brother,sistership,sisterhood,nion,twinn,sistersville,acon,sson,sion,cordon,catholicon,scion,simonon,twin
sitar,sitara,sitra,satar,sitr,sita,sital,sandar,saar,sitaram,satara,dengar,sinar,dhar,sattar,jawar,sangar,bangar,magar,sadar,udar
site,website,onsite,homesite,login,sitewide,info,websit,subsite,microsite,com,sitel,homepage,forum,blogsite,jobsite,sitemap,www,place,webpage,web
situate,situat,situtation,situ,situa,situación,positionally,placement,placing,positional,orientate,arrange,locate,sit,move,positionality,reposition,position,accomodate,rusticate,dislocate
skunkwork,skunk,skunky,slunk,skout,skelter,yardwork,skule,skulk,wickerwork,soilwork,skoog,skeuomorphic,skloot,handiwork,brushwork,meatwork,quillwork,skookum,skuld,skul
sloop,sloopy,schooner,boat,yacht,sailing,nautical,sailor,aboard,vessel,sailboat,ship,pirate,warship,underway,skipper,cruiser,rig,navigator,galley,voyage
slugfest,slugger,slug,sluggo,slugf,sluggy,slugma,sluggard,slughorn,ballgame,shotgun,gamebattle,gunbattle,bulletstorm,shitfest,game,shenanigan,competitive,fight,skirmish,flinging
somatotropin,somatropin,somatostatin,hormone,gonadotropin,hormonal,igf,neuropeptide,prolactin,neuroendocrine,acromegaly,ghrelin,thyrotropin,somatoform,neurohormone,gonadotrophin,ggh,hypogonadotropic,pituitary,trh,hgh
soo,sook,sool,soop,sooie,sooth,soom,sood,soor,sooz,soof,sooty,soothsayer,soochow,sooo,soothill,sooky,sooper,soothsaye,soobin,sooyoung
squabble,quibble,disagreement,squarish,bickering,quarrel,altercation,rabble,contrivance,conflictive,squawk,dispute,impasse,conflictual,connivance,quarrelsome,contention,fight,showdown,feud,contentiousness
srok,stok,djok,fok,spok,sro,shiok,arok,mook,otok,ook,kook,chook,okok,tarok,srong,iook,alok,oneok,grok,eok
staw,slaw,stow,graw,woaw,sta,strow,craw,stoa,mccaw,ifaw,magaw,praw,smaw,stw,stawell,gtaw,stada,stower,stra,staf
steigenberg,ehrenberg,hardenberg,sonnenberg,schanberg,dannenberg,berenberg,tannenberg,sheinberg,rothberg,spangenberg,liebenberg,scheinberg,zinberg,henneberg,blumenberg,renberg,kornberg,hochberg,nirenberg,enberg
stooge,spooge,stoo,stooshe,schmooze,skoog,stogie,googly,comedian,swoosh,goof,googie,comedic,stoopid,scooch,scoob,humor,funny,smoosh,squidge,goofy
styal,gyal,sanyal,dyal,stal,eyal,ayal,stll,stol,angyal,stolar,bathyal,staël,goyal,stael,stoli,styr,koyal,stoll,stolt,sty
subbasement,subbase,subsist,base,subsistent,subordination,substructure,subbasal,subrogation,subducting,basis,debasement,submunition,subdominant,subber,subtree,subordinating,subtend,subbasin,subservient,subulate
sumie,sumy,summy,sumi,sumire,sumia,sumika,sumida,sumthe,summi,sumiko,sume,sumio,summe,sumita,sumeet,sumter,sumney,sumber,sumthin,addie
sundre,sundra,skindre,sundress,sundar,sund,sunder,sindre,sunde,sondre,sundy,sunita,sundal,aldre,nidre,sunda,sunwe,sundin,sunil,sundt,valdre
sundress,headdress,overdress,topdress,sundre,nightdress,underdress,shirtdress,crossdress,dress,hairdresse,crossdresse,nightgown,underdressed,overdressing,gown,garment,skindre,attire,sunlit,wardrobe
superannuate,superannuation,supertax,supercash,super,superrating,superiour,supercharge,supercard,superstock,supernatant,supermajority,supermum,superduty,supersize,superclass,süper,superscription,superabundant,supervalu,supernet
supercharge,supercharger,turbocharge,hypercharge,upcharge,overcharge,freecharge,supercapacitor,surcharge,super,precharge,supercard,countercharge,undercharge,cabcharge,superrating,superheat,charge,supertech,supertanker,superdrive
supercycle,megacycle,supermoto,superbike,motocycle,super,bicycle,cycle,supercarrier,supercargo,supercar,bike,supersport,superyacht,epicycle,supercharger,skycycle,tricycle,supercruise,supercharge,superdrive
superheat,superheate,overheat,super,superheater,reheat,preheat,supercharge,supersize,heat,süper,superhot,supersonic,superflat,supercavitate,supercharger,supertank,superheavy,supersaturate,hot,supercute
surveille,surveil,surveill,surveilance,surve,merveille,surv,surpise,sur,verifie,survery,surcease,survivable,surviv,surrende,vertue,sûr,survivability,survi,merveilleux,seguridad
susd,sus,süss,sust,suad,unsd,ansd,ulsd,susa,sdss,gisd,fasd,pusd,suc,susp,susi,suas,cssd,tusd,ousd,nisd
symphysis,symphysiotomy,sympodial,hyphy,epiphysis,hypophysis,apophysis,sycophancy,symphonia,syms,symp,symposion,symphorien,symptomology,symptomatology,diaphysis,sylph,synapomorphy,sympa,symptomatic,sympatric
tambu,tamba,tambo,tambay,tambe,tambor,tambi,nambu,sambu,albu,bambu,tibu,jambu,tebu,yabu,manabu,kabu,simbu,pabu,tam,jabu
tapachula,tapiola,tapia,tapatio,wauchula,tapioca,camacho,ponchatoula,tapa,arugula,tapao,tapah,tipula,tarantella,chula,tortola,dragula,tarantula,tapos,tapir,chingola
tastykake,tasty,bukkake,tastier,taffy,tastiness,furikake,flavourful,jesty,milkshake,dankest,kake,bakeoff,tastey,blaziken,scrumptious,baken,snack,spoonful,mmmkay,bakin
telemeter,telemetry,telemetric,teleprinter,tele,teleprompter,télé,telecine,telemedia,teleporter,teleworker,telescopic,telemedicine,teleconverter,telt,measurer,telephonist,trimmer,remoter,telescreen,teleservice
tempesta,tempest,tempestuous,thundera,atlantica,olivera,bona,mechanica,porta,benjamina,casta,electrica,tormenta,tempera,gusta,marchesa,monta,lorena,gavina,torre,bolta
terrarium,vivarium,terra,aquarium,natrium,terraria,proprium,enclosure,terray,planetarium,terraform,curium,terraplane,terrano,corium,terrarum,machinarium,manubrium,terracycle,greenhouse,terracotta
thalia,thala,thalis,tulia,lelia,nalia,lélia,thalli,thara,adalia,ellia,aelia,aulia,aalia,thalassa,thale,tharro,thaler,tharus,thallus,klia
thip,stip,ttip,thp,thig,thit,thi,тип,thim,thwap,thid,thigpen,thu,thill,thir,thị,thunk,thro,thuh,ahip,thredup
threshhold,thresher,toehold,threshe,thresh,afresh,thro,withhold,th,thp,thr,tht,thwe,thst,thf,thhis,foothold,thul,thre,thv,handhold
tiling,tile,tilework,tileset,tiler,quasicrystal,flooring,overlaying,decorate,tessellation,latticework,slab,cementing,mortise,square,subtile,decor,grout,placing,texture,tilefish
timekeeper,timekeepe,timesaver,timemachine,timewarner,timepiece,oldtimer,timesplitter,timeclock,navitimer,time,timebase,timesaving,chronograph,latimer,watchkeeper,timeworn,timescape,timelord,timerman,timewise
timnath,tim,ramnath,adinath,srinath,harinath,timah,timbal,timmon,timothy,dinanath,timbo,sarnath,timm,somnath,eknath,sainath,timnah,timb,timbavati,adityanath
tiuri,tiri,tiru,tiu,gauri,tihi,tii,kauri,turi,aguri,chiuri,titi,mouri,titu,tibi,maturi,gouri,nouri,kouri,tiki,samuri
tooby,tooty,toob,tooie,tootie,toobin,toodle,toodyay,toony,tootsie,toomb,toooo,tooo,toom,toomey,toonie,tootle,bigby,toosoon,toongabbie,goodby
tpw,tws,twp,tpwd,twa,tps,dpw,tww,tgw,twc,tpc,fpw,ttw,wpw,tpf,twt,tpd,tsw,tmw,tpp,tpt
trainor,classer,trainer,traina,techer,learner,profesor,traine,trainable,textor,elementor,strengthener,railer,perfector,trainz,termer,mover,exerciser,contactor,trailor,streamer
tribute,commemorate,memorial,homage,remembrance,eulogy,memoriam,memorialize,obituary,mourn,commemoration,admiration,funeral,sympathy,appreciation,memorialise,condolence,admire,deceased,dedication,celebrate
ultrawide,ultrahd,ultra,ultrashort,widescreen,ultrabook,vga,uwb,ultrahigh,uhd,doublewide,ultrasharp,systemwide,worlwide,displayport,ultrasoft,ultraboost,ultralow,eyefinity,ultrafast,ultratech
unbalance,unbalanced,imbalance,overbalance,inbalance,rebalance,counterbalance,balance,balanced,balancer,rebalancing,uneven,uncouple,unevenness,unadjuste,unperturbed,unequal,unjust,uncorrelate,unbiased,uncool
uncannily,unachievable,uncancelle,untimely,unabashedly,cannily,unwisely,unarguably,unceasingly,uncanniness,unwittingly,unswervingly,ungodliness,unhurriedly,unaccountably,unviable,unthankful,unreasonably,unskillful,uncritically,unluckily
uncompahgre,unimpaire,unpaire,unabashe,unaccompanie,ungh,unaccommodate,unhinge,uncease,uncool,unripe,unhallow,unusal,uncompensate,unburie,unmannere,unmannerly,unforthcome,unrepaire,ungrease,unpatrolle
unconscionability,unconscionable,unconscionably,unaffordability,unachievable,unacceptability,unmentionable,unaccountable,unobservable,uncontroversial,unpossible,unaccountability,unavoidable,uncontainable,unenforceable,ungodliness,unattainable,unaccessible,unarguable,undependable,unelectable
undeniable,undeniably,indelible,unviable,unavoidable,indescribable,undefinable,unstoppable,undeliverable,unforgivably,unreasonably,unbreakable,indefinable,undroppable,unstoppably,indubitable,indiscernible,unforgetable,undescribable,unbelieveable,unbearably
undomesticate,undocumente,undogmatic,unremitte,unmoleste,undope,undoubted,undo,undocking,undoable,undetonate,undoubtable,unsophisticate,undoubtably,undoubtly,dissolute,desparate,dessicate,unmake,extirpate,expel
ungu,unga,unagi,ung,ugu,ungar,ungli,unage,unge,ungaro,ug,ungh,mangu,ugo,degu,nugu,unsg,unger,ndugu,sugu,unna
unscarred,unattached,unstirred,untroubled,unsterilized,unabated,unshielded,unassisted,unperturbed,unfastened,unengaged,unclipped,unaccomplished,unobstructed,unstressed,unforced,unscathed,unscalable,unmoored,unlined,unshaved
upgradable,upgradability,upgradeable,upgradation,updatable,expandable,upgrade,buyable,purchasable,installable,changeable,transplantable,replaceable,degradable,customizable,customisable,transferable,preferable,upcycled,extendable,biodegradable
upholder,uphold,lifter,respecter,tilter,striver,earner,rewarder,strengthener,puller,prouder,suspender,chaser,defeater,stouter,pusher,pursuer,fouler,retainer,achiever,risinger
utile,util,utili,utilise,utila,buile,utte,utensil,asset,valuble,avile,qty,rouble,mutuel,sale,amount,stike,ute,property,uttal,utilisation
uvas,uvs,uvu,vaas,vas,ucas,uvm,uds,suas,ucaas,vus,uvc,ukas,uus,voas,uve,uvi,uvo,vcu,uuv,utsa
vaknin,chernin,magnin,kalinin,vatan,vrin,zanin,monnin,lunin,spinnin,rukn,volin,charnin,olenin,czernin,chaykin,konin,lannin,munin,pnin,vak
valenta,valente,vicenta,valeria,valenza,valent,valenti,valera,valentia,quinta,cuenta,polenta,cinta,balanta,valeant,valeriana,alinta,valen,gonta,valence,maranta
varadhan,pradhan,varan,varadkar,vardhan,adhan,vartan,magadh,vardaman,varun,varane,magadha,janardhan,awadh,varah,vardan,sobhan,gordhan,vahan,bardhan,varuna
varaha,varah,varvara,varma,varsha,varnam,varuna,vara,varady,svaha,varam,varada,varla,varga,varanu,samaha,varun,varane,varlam,varta,varna
vation,vaction,vate,vap,vapour,vat,vad,vapor,vaporize,tution,vato,vaporization,ection,vaporise,fuction,lution,vraiment,adition,sugestion,vaporisation,ication
vcd,vrd,vid,tvd,vcs,vide,vct,vpd,vsd,vod,vdo,vds,vtd,vidi,vfd,vad,vidoe,vcp,vde,audiovisual,vcr
vigon,vigo,vogon,viga,vig,vigar,vigan,vigne,vigia,lagon,baygon,virag,vigi,vigny,vigra,calgon,ligon,vigen,viger,vigna,tygon
viles,vilest,vileness,viler,vilely,vilem,vileplume,grim,vilela,dreadful,filthy,diess,liess,cruel,nauseas,nasty,vivas,rotten,virulent,yos,vilenkin
villepin,lepin,lappin,villein,villepinte,dupin,arpin,charpin,papin,pippin,chapin,ville,tepin,villejuif,rompin,pin,terrapin,espin,gilpin,alpin,herpin
vivero,viverito,viverra,povero,viver,severo,favero,vireo,viveiro,virago,vivint,vigevano,viro,vivendi,viveur,viveca,vio,valvano,virilio,vivement,vigo
vocalic,vocal,vocality,vocally,vocalize,vocalise,vocalism,vocalion,vocalization,vocaloid,auditory,phonemic,tonal,vocative,acoustic,vocalisation,acoustical,glottic,echoic,tonally,acoustically
volcaniclastic,pyroclastic,volcanic,volcanogenic,volcano,siliciclastic,volcanically,magmatic,volcanism,volcanological,basaltic,aplastic,eruption,magma,viscoelastic,volcan,volcán,basalt,igneous,volcanology,lava
vsauce,vinesauce,vse,vsa,vsc,vsu,vide,vsk,vsphere,vuse,vsv,vece,vso,vidoe,vsi,voce,vscode,applesauce,vivace,vsf,vve
vsh,vth,vrh,voh,vansh,vha,vch,vmh,vah,mvh,vdh,vph,pvh,vho,vhi,veh,vsm,vhp,vsd,ovh,vgh
wady,waddy,rady,kady,beedy,taddy,waddle,nudy,waayy,rowdy,gundy,ody,wad,beady,eady,wacky,waggly,dowdy,wack,boody,waay
wakanda,wakandan,wakana,wakan,wakonda,marvel,superhero,spidey,waka,african,mcu,shazam,waziri,savitar,thor,wazza,shakur,wada,superheroic,wajda,wakiso
warford,warton,landford,washford,woodford,seaford,weatherford,warington,lawford,warrick,warley,mitford,warrell,blackford,playford,rainford,westford,buford,warham,warby,lanford
wdl,kdl,bdl,gdl,wendl,vdl,wld,ndl,wl,odl,wpl,fdl,wll,lindl,radl,fadl,wlll,iadl,ddl,mandl,dld
weiz,weitz,wenz,weick,weich,weiser,weicker,dietz,yinz,janz,weik,tanz,linz,witz,wanz,hanz,shiz,kunz,walz,weitzel,weiner
wellick,howick,wellwood,wellek,wellhead,wellie,wellow,wellard,willick,wellhouse,wellborn,welly,wellll,welland,welling,welle,wellum,wellman,wellon,wellin,weller
wetter,wetering,wet,wether,waterer,wetterle,wette,sipper,wett,drier,wete,pisser,dropper,moister,wetness,wettest,teeter,peeper,wetnurse,wetten,wettable
wideranging,widen,broader,widerstand,wideness,broaden,bigger,thickening,wideangle,narrower,expand,reshuffling,oversize,intensification,expansion,denser,wide,deepen,enlarger,enlargement,expander
wildin,wildon,wilding,wildy,wildmon,wildling,wildish,boldin,wildman,bredin,surin,wildness,wildle,shearin,sheerin,nordin,westin,meekin,sangin,agin,crispin
wincanton,winton,wonton,winn,winans,winson,winford,wint,wintun,winthorpe,winnington,winona,winnin,winnfield,winnow,winna,winne,exton,winnt,winant,tipton
woodcarving,woodcarve,woodcarver,carving,woodcraft,woodwork,carve,wood,handcarve,wooden,woodworke,woodworker,woodcutter,woodshop,craft,woodcut,toolmaking,making,cutting,woodchipper,craftwork
woodys,billys,woodsy,bois,woodyard,woodyatt,wooden,barbaras,butts,zachs,luiss,boiss,bushs,woodend,yasss,harriss,allens,wood,larrys,beckys,yos
wtp,wpt,ktp,totp,ytp,pptp,wpp,wft,xtp,qtp,htp,fttp,whp,mstp,wht,uitp,kstp,jtp,whit,wpm,twp
xet,xat,xte,xed,xts,xct,xit,xterm,sket,xth,qet,smet,xay,xen,xtc,xde,xst,xbt,xtp,oet,xtal
xwing,westwing,xft,pilotwing,xcx,batwing,eurowing,xew,xox,xfc,xfer,germanwing,xar,xcor,xfire,xop,xwb,wing,xcf,xex,xoc
yabe,ybe,yaba,yamabe,yabu,yobe,yab,yabo,yaiba,jabe,wabe,yase,beebe,ayabe,aybe,kebe,gibe,kibe,jube,kabe,tibe
yari,yaari,yairi,yara,yai,yair,yar,yarr,yori,yaki,shiri,yali,yaro,yaru,shari,ruri,hayri,yarin,giri,kiri,jeri
yukihiko,yukiko,yahiko,michiko,yuki,yukiho,takehiko,toshihiko,sachiko,haruhiko,yukichi,yukio,yoshihiko,yukino,kazuhiko,yasuhiko,katsuhiko,yukimi,nobuhiko,hirohiko,kiyohiko
ywa,ynwa,ynw,ycw,yawa,ywam,yha,twa,ywca,ewa,jwa,yia,wwa,awwa,yma,yna,ysa,yca,ypa,dwa,yow
zaya,zay,zaia,zakiya,yaya,zeya,vaya,niya,zayne,suya,tiya,zaye,eya,teya,aya,aiya,agya,shuya,seya,zawiya,moya
zemin,zamin,zem,zemi,azmin,zeman,zein,zemer,temin,kumin,kemin,zam,zeami,shimin,zelin,homin,zema,zemel,komin,zin,somin
zerlina,zarlino,zelena,zera,zelia,gerlinde,zelina,zinna,zegna,zebrina,zecca,gerbera,zetia,zeca,purlin,zestiria,zella,zelie,zélie,zela,zeina
zhe,zahe,chhe,zha,weihe,khe,zhi,tche,zhen,gehe,tianhe,nghe,chahe,yohe,zho,huanghe,renhe,mthe,othe,tehe,hhe
zoomlion,zoom,zoomin,zoomable,zoomer,zoomorphic,zooma,zoomy,zoomie,superzoom,dillion,antlion,filion,glion,battallion,helion,magnify,panoramic,bilion,roam,milllion
álbum,album,discography,music,picture,record,tracklist,book,image,pic,trackliste,result,item,show,collection,imgur,source,mixtape,playlist,recent,leaderboard
