word,freq
jkr,11
jll,11
joby,11
jonty,11
jowls,11
judaica,11
jungkook,11
juxtapositions,11
kaba,11
kalinga,11
kalla,11
kameez,11
karas,11
karens,11
karimi,11
katsura,11
kaunda,11
kayode,11
keble,11
kerch,11
kerley,11
kerrang,11
kher,11
kiku,11
kirkbride,11
klansmen,11
klezmer,11
komsomol,11
kotori,11
kpc,11
kpi,11
kristensen,11
kristoffer,11
krk,11
kusama,11
kwak,11
laci,11
lakshman,11
lames,11
lampe,11
lamport,11
lanchester,11
lantana,11
laudrup,11
laugher,11
leakages,11
ledecky,11
lederhosen,11
leishman,11
lenard,11
lesh,11
leveller,11
lexmark,11
lfp,11
liat,11
licencing,11
liebman,11
lightweights,11
lincecum,11
lins,11
liveliest,11
livestreaming,11
lmt,11
lond,11
lonelier,11
lookers,11
loui,11
luhrmann,11
luise,11
lumberyard,11
luxuriate,11
lycopene,11
lydian,11
lysenko,11
macartney,11
macias,11
maclachlan,11
magmas,11
maitreya,11
maler,11
malini,11
manik,11
mannish,11
mansa,11
mansi,11
mapk,11
maran,11
marant,11
marathoner,11
mariella,11
markit,11
marrickville,11
marshaling,11
marshalltown,11
marshmello,11
matar,11
matrons,11
maxey,11
mcalester,11
mccleary,11
mccombs,11
mcfall,11
mcv,11
mcx,11
meanies,11
meisel,11
mene,11
mentee,11
meringues,11
merkle,11
merson,11
messerschmitt,11
metrosexual,11
michiel,11
michèle,11
micr,11
micromax,11
midgley,11
mikami,11
milam,11
milroy,11
misanthropy,11
misfires,11
moche,11
modelers,11
mohinder,11
moisturising,11
moley,11
moncrief,11
moneybags,11
monstercat,11
moorpark,11
mord,11
morimoto,11
motioning,11
moustakas,11
multifocal,11
mumma,11
munchen,11
muntz,11
musicologist,11
mvd,11
myint,11
mylo,11
naas,11
nadella,11
nagarjuna,11
nakai,11
namib,11
nanobots,11
nantz,11
narcan,11
narcissa,11
natchitoches,11
navier,11
naïveté,11
ndebele,11
negeri,11
nemtsov,11
nerva,11
neuroplasticity,11
neuville,11
newhart,11
newsboys,11
newsmen,11
newswatch,11
nightie,11
nirmal,11
nisei,11
nitrites,11
nomos,11
nonreligious,11
normies,11
norquist,11
norske,11
norths,11
novotel,11
nowe,11
nspcc,11
nue,11
numbs,11
nyah,11
obvi,11
octahedron,11
ojeda,11
okabe,11
ond,11
onodera,11
onstar,11
orga,11
osbert,11
osr,11
ossification,11
otten,11
outran,11
overconsumption,11
overgrazing,11
overmatched,11
overworking,11
ozu,11
pacifiers,11
paks,11
palembang,11
panniers,11
pantanal,11
papilloma,11
paragons,11
paralyse,11
paraplegia,11
parkwood,11
parthians,11
patmore,11
patri,11
patt,11
pcg,11
pennsylvanians,11
penton,11
penury,11
perdita,11
perfidious,11
perianth,11
pern,11
perón,11
phillipines,11
philologist,11
phir,11
phonecall,11
photosphere,11
picaresque,11
pieters,11
pilger,11
pintura,11
pipped,11
playbill,11
plovers,11
plumping,11
polarizer,11
pomo,11
ponton,11
portends,11
portofino,11
prams,11
precancerous,11
predisposing,11
presuppose,11
pripyat,11
promethean,11
prostration,11
providential,11
provincially,11
psoriatic,11
psychopharmacology,11
psychosexual,11
puh,11
punxsutawney,11
pushcart,11
quadrupling,11
quitman,11
rabobank,11
racemes,11
radicalize,11
radiometer,11
rafinha,11
ramus,11
rastafarian,11
rattray,11
ravers,11
ravished,11
reabsorbed,11
reacquainted,11
reanimate,11
reavers,11
reawakened,11
recht,11
reinterpreting,11
relat,11
renin,11
repertoires,11
replicable,11
reprieved,11
resected,11
reshoot,11
reto,11
retried,11
reupload,11
rexroth,11
riband,11
rigo,11
rizzi,11
rlly,11
robi,11
romsey,11
roskilde,11
rossendale,11
rottweilers,11
routs,11
rrc,11
rsfsr,11
ruminant,11
rushworth,11
russa,11
rvd,11
rws,11
ryker,11
saal,11
saavedra,11
sabotages,11
sach,11
sachem,11
samwell,11
sanctorum,11
sanogo,11
saori,11
satchels,11
savino,11
scad,11
scheffer,11
schimmel,11
schismatic,11
schistosomiasis,11
scientism,11
scrubland,11
searles,11
segall,11
semifinalist,11
seminyak,11
serviceability,11
sevigny,11
sexualize,11
shambling,11
shanker,11
shelagh,11
sherm,11
shipton,11
shitposting,11
shl,11
shopaholic,11
shoplift,11
shreya,11
sideman,11
sii,11
sika,11
silkworms,11
sines,11
singtel,11
skintight,11
skyscanner,11
sleepwalk,11
slg,11
slipway,11
sniped,11
sodexo,11
soham,11
solicitous,11
solow,11
sonnenberg,11
sonofabitch,11
sopping,11
soundscan,11
southeastward,11
soz,11
spasmodic,11
speach,11
speeders,11
spezza,11
spittin,11
splay,11
sproule,11
squiggle,11
staats,11
standoffish,11
stapp,11
statutorily,11
steeples,11
steepness,11
stitt,11
stoltz,11
stomachache,11
stratagems,11
subalpine,11
subclavian,11
sublease,11
sublimely,11
subluxation,11
subnational,11
suma,11
summerlin,11
sumpter,11
sunna,11
supercharging,11
surmounting,11
suzerainty,11
svendsen,11
swabbed,11
sympathised,11
synthesise,11
tagus,11
taints,11
taiwo,11
talwar,11
tamerlane,11
tancredi,11
tane,11
tantalus,11
tarin,11
tartu,11
tatsuo,10
tavenner,10
tayside,10
teaneck,10
tempests,10
tfp,10
thousandths,10
thundercats,10
tighty,10
tinier,10
tinkler,10
toft,10
togolese,10
tonsillectomy,10
tooltip,10
toombs,10
torp,10
toscanini,10
toscano,10
tpo,10
transmigration,10
treyarch,10
trumping,10
tsmc,10
tsukasa,10
typological,10
uck,10
ueber,10
uhura,10
ukiah,10
umrah,10
unalienable,10
unasked,10
unblinking,10
uncivilised,10
uncompensated,10
unconquered,10
undemanding,10
underinsured,10
undersides,10
unissued,10
unisys,10
unl,10
unlearning,10
unmanly,10
unquiet,10
unspecific,10
untiring,10
untreatable,10
usted,10
vaccaro,10
vam,10
vania,10
vaporizes,10
varden,10
venda,10
verifier,10
verry,10
vetiver,10
vgc,10
viaducts,10
villian,10
viney,10
virgen,10
virions,10
virulently,10
vividness,10
vliet,10
voyaging,10
vulpes,10
wacha,10
wagged,10
waggon,10
waitangi,10
waked,10
walang,10
wallsend,10
wangaratta,10
watauga,10
wavefunction,10
wcbs,10
wechsler,10
wertheim,10
wertheimer,10
westbourne,10
weyerhaeuser,10
whan,10
wheats,10
whitt,10
whittlesey,10
wholemeal,10
windchill,10
woa,10
womenfolk,10
wonderboy,10
wonga,10
writhed,10
xlv,10
yeehaw,10
yoho,10
yuya,10
yuzuru,10
zadok,10
zang,10
zanuck,10
zhe,10
zille,10
zoroaster,10
émigré,10
était,10
aao,10
abrogate,10
acanthus,10
acheron,10
acog,10
acrylate,10
adders,10
adulyadej,10
afew,10
affixing,10
agoura,10
aion,10
akimbo,10
albano,10
aldis,10
alexandros,10
alkenes,10
alten,10
amadeo,10
amartya,10
ambi,10
ambled,10
amhara,10
amitriptyline,10
amparo,10
analytes,10
aniseed,10
anjelica,10
antediluvian,10
antetokounmpo,10
anticorruption,10
antifascist,10
anupam,10
anxiolytic,10
aosta,10
apollonia,10
appr,10
arcelormittal,10
aronofsky,10
arpeggio,10
arroz,10
arvn,10
arx,10
ashmolean,10
asiana,10
asker,10
athan,10
atonal,10
attainments,10
aurore,10
awc,10
axils,10
azeem,10
backslash,10
bagong,10
balustrades,10
bampton,10
bandhan,10
banting,10
barajas,10
bashers,10
basked,10
batwing,10
baume,10
baylis,10
bcn,10
beacuse,10
bearskin,10
beatitudes,10
becher,10
bedsheet,10
belanger,10
bemoans,10
benedick,10
beneficially,10
beter,10
beyblade,10
bhargava,10
bicknell,10
biggles,10
bikaner,10
binational,10
bintang,10
biopharma,10
birkett,10
bismillah,10
blighty,10
blindfolds,10
bln,10
blud,10
bodhisattvas,10
boldt,10
bolivians,10
borja,10
boyles,10
brane,10
britains,10
broglie,10
bruegel,10
brung,10
bsr,10
bto,10
bubbler,10
buckthorn,10
buhl,10
burak,10
burpee,10
bushehr,10
bushell,10
bushrangers,10
buzzers,10
byo,10
cabe,10
cadenza,10
callosum,10
camberley,10
camisole,10
caput,10
carmakers,10
carnell,10
carrickfergus,10
casilla,10
cassavetes,10
castroneves,10
catamarans,10
cathryn,10
cck,10
cele,10
centrifuged,10
cephalopod,10
cerise,10
chahal,10
chalcedon,10
chalcedony,10
chancellorsville,10
changchun,10
chardin,10
chasms,10
cheapside,10
checkmark,10
chelating,10
chemokine,10
chicopee,10
chisinau,10
chloro,10
christmassy,10
chromatographic,10
chrystal,10
cinched,10
classist,10
cleanups,10
cleon,10
climaxing,10
clomid,10
clonidine,10
cno,10
coagulated,10
colgan,10
colonising,10
comix,10
commandeering,10
compellingly,10
complet,10
condensates,10
conjugations,10
corazón,10
corday,10
cordons,10
cornetto,10
coul,10
counterrevolutionary,10
countin,10
covets,10
coyly,10
craigavon,10
createspace,10
creepin,10
crespi,10
cribbage,10
crinkled,10
critchley,10
crna,10
crosscountry,10
crèche,10
ctx,10
cty,10
cyclophosphamide,10
daltons,10
danks,10
dazs,10
deactivates,10
debasement,10
decameron,10
decamped,10
decriminalizing,10
deduces,10
demeans,10
denard,10
deneuve,10
dennings,10
derailments,10
derma,10
detent,10
dfm,10
dichroic,10
dimorphic,10
dinks,10
disassociation,10
discal,10
disconsolate,10
discords,10
disputation,10
dixons,10
dodie,10
doest,10
dogfights,10
doof,10
dorris,10
douala,10
doubletree,10
dubliners,10
duelist,10
dumoulin,10
durum,10
dwr,10
dxd,10
eady,10
ebu,10
ecmo,10
edginess,10
eero,10
effed,10
egs,10
ehe,10
eich,10
elbridge,10
engendering,10
enigmas,10
enumerating,10
envying,10
ephemeris,10
epitomised,10
eretz,10
eru,10
escambia,10
estab,10
estefan,10
estela,10
evergrande,10
exelon,10
externality,10
exton,10
eyepatch,10
faberge,10
fabinho,10
familiarizing,10
fancying,10
fanduel,10
fatman,10
faustina,10
fedoras,10
felts,10
fencers,10
ferroelectric,10
fetes,10
filenames,10
fingal,10
firetruck,10
firman,10
flashmob,10
flintoff,10
floodlit,10
flummoxed,10
foaled,10
folie,10
fortunato,10
fothergill,10
fourthly,10
francophones,10
friedkin,10
friezes,10
frontside,10
fuckboy,10
fugazi,10
fumio,10
futher,10
gais,10
gapes,10
gapped,10
gardasil,10
garçon,10
gastrectomy,10
gastroesophageal,10
gattis,10
glenmore,10
glenville,10
glug,10
glute,10
gly,10
goldbergs,10
goodchild,10
gotv,10
gourley,10
gracey,10
grangemouth,10
greenstein,10
grenadine,10
grippy,10
guilin,10
gujranwala,10
gumbel,10
gunung,10
guten,10
hachi,10
haeckel,10
halbert,10
hanafi,10
handicapper,10
hanse,10
harassers,10
hardys,10
harrod,10
hase,10
hassler,10
hatted,10
hauck,10
hawken,10
hayfever,10
headhunting,10
heatwaves,10
heffer,10
heintz,10
hering,10
hexa,10
hibbing,10
hibernia,10
hibiki,10
hickam,10
highnesses,10
himawari,10
hinchcliffe,10
hitmaker,10
hojo,10
holston,10
homebuilders,10
homophones,10
hote,10
hotpot,10
houseplant,10
huet,10
huhne,10
hydrography,10
hynde,10
hypogonadism,10
ichikawa,10
ilbo,10
incharge,10
incompetents,10
incongruent,10
indochinese,10
indolence,10
infantino,10
ingeborg,10
innisfree,10
instate,10
instore,10
instrumentally,10
intaglio,10
interceded,10
interchanging,10
iod,10
iphoto,10
ischia,10
issaquah,10
iterator,10
itil,10
ivermectin,10
izaak,10
jambo,10
jawbreaker,10
jaworski,10
jeannine,10
jerrod,10
jetsam,10
jonge,10
jossey,10
jourdain,10
jowett,10
jozy,10
juche,10
jugg,10
kantar,10
kasbah,10
kathi,10
katra,10
kawakami,10
kazama,10
kcna,10
keratinocytes,10
kester,10
ketcham,10
keylor,10
kijiji,10
kims,10
kindergarteners,10
kinloch,10
kio,10
kipnis,10
kippers,10
klaxon,10
kleptocracy,10
klub,10
koirala,10
kolchak,10
kolmogorov,10
kotlin,10
krakatoa,10
kuh,10
kwiatkowski,10
laboratoire,10
ladner,10
laf,10
lainey,10
lambasting,10
lamellar,10
lamin,10
landsman,10
leanna,10
leconte,10
lectin,10
leeuw,10
lemoine,10
lenihan,10
lhr,10
licentiate,10
lincolns,10
lindell,10
lobelia,10
lodgepole,10
lofgren,10
lofton,10
londres,10
loots,10
lorient,10
lorillard,10
lrp,10
lutely,10
lvt,10
lyonnais,10
lyse,10
lévy,10
maam,10
macca,10
macleish,10
mader,10
maggy,10
maghrib,10
maidservant,10
majumdar,10
makar,10
malm,10
malty,10
mamacita,10
manchukuo,10
manchus,10
margiela,10
marias,10
marler,10
marquand,10
marri,10
masturbator,10
mayotte,10
mbar,10
mbl,10
mccully,10
mctavish,10
medfield,10
medicis,10
megafauna,10
megane,10
mellifluous,10
mellish,10
memorializing,10
mercato,10
mercers,10
merchantmen,10
mgb,10
mikulski,10
mineralogist,10
minicab,10
ministership,10
miró,10
misr,10
missives,10
missourians,10
misuses,10
mits,10
mlt,10
moin,10
moko,10
momenta,10
monoplane,10
mooching,10
mopey,10
morticia,10
movingly,10
moyle,10
mozgov,10
mpas,10
mphil,10
muji,10
mulgrave,10
multiplexer,10
murtaza,10
muscarinic,10
musick,10
muzaffarnagar,10
mwa,10
myriam,10
música,10
nace,10
nack,10
najjar,10
nanite,10
naresh,10
narvik,10
nassim,10
nationalizing,10
naturalisation,10
naturopathic,10
nealon,10
nectarine,10
neela,10
nellore,10
nerc,10
neurocognitive,10
neurogenic,10
newsboy,10
niamey,10
niti,10
niya,10
nizhny,10
nlds,10
nnpc,10
nonpareil,10
norther,10
nowra,10
nph,10
nris,10
ntl,10
nurul,10
obviousness,10
occasioning,10
occlusal,10
odp,10
ofdm,10
officious,10
oga,10
oglala,10
olajuwon,10
olmec,10
olmos,10
oml,10
opencl,10
oppositely,10
orch,10
oricon,10
orogeny,10
orthostatic,10
osl,10
outscore,10
outshone,10
overestimates,10
pada,10
pageviews,10
pamuk,10
paquette,10
parapets,10
parlayed,10
partygoers,10
passivation,10
payal,10
paynter,10
peddles,10
pedicel,10
pentagonal,10
pentonville,10
peremptory,10
perms,10
personalfinance,10
peto,10
petulance,10
pfaff,10
pgr,10
phl,10
phonies,10
pinay,10
pira,10
piv,10
plaine,10
plame,10
plautus,10
playfield,10
plympton,10
pnm,10
poder,10
polonius,10
polson,10
polyclonal,10
pomeranz,10
poors,10
popolo,10
porphyria,10
prb,10
preggo,10
preliminarily,10
presbyter,10
prestressed,10
pretties,10
princip,10
prk,10
prolife,10
prostituted,10
provably,10
pskov,10
pssh,10
publicis,10
pulsations,10
pvv,10
qamar,10
quantifiers,10
queensferry,10
quoth,10
radials,10
raed,10
raffia,10
raiola,10
ramanujan,10
ransoms,10
rationalists,10
raymundo,10
reais,10
realdonaldtrump,10
reall,10
recognizably,10
recordable,10
rediculous,10
refrigerating,10
reisman,10
rekt,10
remastering,10
renormalization,10
repairmen,10
reprocessed,10
reso,10
reuther,10
reword,10
rheology,10
rheumatologist,10
rhian,10
rhianna,10
rhum,10
ribald,10
rickenbacker,10
rioter,10
riverbend,10
riveter,10
rivière,10
roadrunners,10
robina,10
robocalls,10
rubra,10
rustom,10
rya,10
rylan,10
sabri,10
sadako,10
sako,10
sambar,10
sampaoli,10
samy,10
sandcastles,10
sandie,10
sanibel,10
sanne,10
satcom,10
sathya,10
satirize,10
scandalously,10
schachter,10
schapiro,10
schenker,10
schlossberg,10
schwann,10
screencaps,10
scuse,10
semifinalists,10
senedd,10
senn,10
sepoys,10
seurat,10
shapeshifters,10
shawty,10
shazia,10
shehzad,10
sheldrake,10
shermans,10
shims,10
shingeki,10
shizuka,10
shrivelled,10
sibi,10
siddique,10
sieves,10
siggy,10
sigi,10
simpletons,10
singletons,10
siskel,10
skinnies,10
skullcap,10
slac,10
slugfest,10
slumming,10
smelted,10
smk,10
smudging,10
smw,10
sniggering,10
snoops,10
snowboards,10
sory,10
speyside,10
spira,10
spirally,10
spirulina,10
splotches,10
spurr,10
sqa,10
squiggles,10
squinty,10
sree,10
sriram,10
ssdi,10
stagflation,10
stal,10
stanly,10
starbase,10
stater,10
staub,10
steamrolled,10
stell,10
stellate,10
stempel,10
stickin,10
stomper,10
ston,10
straightest,10
subacute,10
subang,10
subdomain,10
suda,10
sule,10
sumit,10
sungai,10
sunrisers,10
sunstone,10
supercup,10
superstorm,10
suwon,10
sva,10
swalwell,10
swashbuckler,10
switchover,10
sybase,10
sylmar,10
sylva,10
symbiont,10
synchronise,10
tabard,10
taeyeon,10
taiz,10
takara,10
taluka,9
tanneries,9
tanu,9
tarasenko,9
tartrate,9
tarzana,9
teasingly,9
tebbit,9
technocracy,9
technocrat,9
teel,9
tehachapi,9
teja,9
tenenbaum,9
tensorflow,9
terracing,9
tey,9
thal,9
thich,9
thingie,9
thrawn,9
tibbetts,9
ticky,9
tikal,9
tilikum,9
tks,9
tni,9
toiletry,9
tolland,9
topples,9
tortious,9
tosa,9
totaly,9
toxicities,9
trager,9
transamerica,9
transfigured,9
transliterated,9
tras,9
trebles,9
tribble,9
trotz,9
tshwane,9
ttd,9
tuitions,9
turpitude,9
tuzla,9
tvxq,9
twixt,9
tybee,9
ubaldo,9
ujjain,9
ultrabook,9
unbundling,9
unburied,9
unburned,9
uncertainly,9
underperformance,9
ungulates,9
unitas,9
unromantic,9
unruffled,9
unseating,9
unsubsidized,9
untrusted,9
unverifiable,9
upm,9
upregulation,9
upvotes,9
urbanites,9
urm,9
usfws,9
uzumaki,9
vajra,9
valdemar,9
valles,9
vandyke,9
vauban,9
vav,9
vch,9
veiny,9
verandas,9
verhoeven,9
vermeil,9
vertonghen,9
villers,9
vindicator,9
virtanen,9
virtualbox,9
vivax,9
vorster,9
vsc,9
víctor,9
wak,9
wallander,9
wallington,9
warble,9
wardlaw,9
warplane,9
warty,9
wasser,9
wastebasket,9
wataru,9
watchtowers,9
weisberg,9
westphalian,9
wethersfield,9
wetsuits,9
whc,9
wheezes,9
whidbey,9
whisperers,9
whut,9
wiccans,9
widebody,9
wilmette,9
wishaw,9
wmf,9
wog,9
worl,9
woth,9
woud,9
wsh,9
wurm,9
xlii,9
yelps,9
yeni,9
yid,9
yondu,9
yonhap,9
yoongi,9
youngman,9
ysidro,9
zdnet,9
zener,9
zhongshan,9
zima,9
zool,9
zygomatic,9
καὶ,9
abang,9
abhimanyu,9
aborts,9
abramowitz,9
abscond,9
acas,9
achim,9
adem,9
aeron,9
afrojack,9
ageist,9
agitations,9
airconditioning,9
ajo,9
alastor,9
aln,9
ambleside,9
aminotransferase,9
aneurin,9
anouk,9
antin,9
antitoxin,9
antonelli,9
apalachicola,9
apolo,9
apres,9
aquaponics,9
archrival,9
arclight,9
arcos,9
arirang,9
aristides,9
armys,9
arris,9
arvid,9
askreddit,9
assa,9
assignation,9
assuaged,9
astroworld,9
atiku,9
ation,9
attenuator,9
auric,9
autor,9
avoir,9
backbones,9
baki,9
balad,9
baltar,9
bangtan,9
baphomet,9
bardsley,9
basham,9
bastia,9
bayleigh,9
bazin,9
beardless,9
beautified,9
beefsteak,9
befit,9
bendable,9
benford,9
berthier,9
bessy,9
bestfriend,9
bhanu,9
bickel,9
biddeford,9
bidi,9
bigge,9
bilk,9
biodegradation,9
bipod,9
birdseye,9
birger,9
bisects,9
bishoprics,9
bitterest,9
blacc,9
blackballed,9
blag,9
blasphemer,9
blurts,9
bookers,9
boothroyd,9
boros,9
bors,9
botting,9
bourdieu,9
braai,9
brasher,9
brentano,9
bretons,9
brinks,9
brockville,9
bruckheimer,9
buffeting,9
buna,9
buri,9
burkhalter,9
burqas,9
bwa,9
byrom,9
bytecode,9
cabarets,9
caja,9
calorimetry,9
calpers,9
cancún,9
carbonized,9
carboxylate,9
carrell,9
caseloads,9
caseworkers,9
catacomb,9
cef,9
centralism,9
centrism,9
cereus,9
chambray,9
chania,9
chanukah,9
chaperon,9
chekov,9
chemung,9
chery,9
chesley,9
chetty,9
chibnall,9
chinua,9
chirality,9
chitwood,9
chloroquine,9
choong,9
cineworld,9
civilizational,9
cleanings,9
cleavers,9
clemmons,9
clubman,9
cmhc,9
coadjutor,9
cocksuckers,9
coffeeshop,9
coghill,9
coheed,9
cojones,9
colorfully,9
colquitt,9
composted,9
conchords,9
congdon,9
consigliere,9
consigning,9
consonance,9
constitutionalist,9
coolies,9
coronas,9
corot,9
corroding,9
cosco,9
cottagers,9
cpj,9
cryopreservation,9
cubano,9
cubit,9
cubitt,9
cujo,9
culberson,9
cully,9
cvg,9
cyclopedia,9
daigle,9
dalvin,9
damo,9
dard,9
dati,9
datin,9
datong,9
daves,9
ddb,9
deathcore,9
deathtrap,9
debridement,9
decarboxylase,9
decriminalisation,9
defilement,9
delinquencies,9
delly,9
delphic,9
demiurge,9
derren,9
desa,9
deselect,9
deshmukh,9
destructed,9
dgb,9
dhhs,9
dialectal,9
diamine,9
diddley,9
didsbury,9
digicel,9
dijkstra,9
dilley,9
disbarment,9
discombobulated,9
disfavor,9
disinvestment,9
dissembling,9
distresses,9
doerr,9
domingue,9
doncic,9
dorsalis,9
doubter,9
dowson,9
drac,9
drafthouse,9
drams,9
drian,9
dubinsky,9
dunton,9
duplicative,9
dusan,9
dyspepsia,9
earwig,9
ectoplasm,9
ector,9
egremont,9
ehrman,9
eisley,9
eklund,9
elr,9
elrod,9
elwin,9
embo,9
emplaced,9
emulsified,9
enc,9
enquires,9
eritreans,9
ertz,9
escargot,9
ethology,9
eus,9
evenin,9
eveything,9
evga,9
evolutionists,9
exorcists,9
exper,9
fajita,9
falkner,9
fanciers,9
farces,9
fatca,9
faustian,9
fcr,9
feo,9
fergal,9
ferritin,9
fibroid,9
fibronectin,9
fidelio,9
fii,9
filmer,9
finalization,9
fitment,9
fizzles,9
fleeces,9
fluffing,9
fmcg,9
focaccia,9
fondo,9
foreland,9
forelegs,9
fpgas,9
fredrickson,9
frou,9
fst,9
ftth,9
fubuki,9
fus,9
gagner,9
gainst,9
ganassi,9
gandhinagar,9
ganna,9
gatland,9
gavaskar,9
gaviria,9
gda,9
gelfand,9
gentrifying,9
geting,9
ghazali,9
giambattista,9
gidget,9
gidley,9
glados,9
gmd,9
gmod,9
gobbler,9
godoy,9
goli,9
goodrem,9
gossett,9
goyim,9
graeco,9
grigson,9
gripen,9
grosz,9
gunslingers,9
gurren,9
gusset,9
guttman,9
gwr,9
gyal,9
gyroscopes,9
hagelin,9
hairball,9
halil,9
halogens,9
harangue,9
haribo,9
harking,9
harks,9
heartworm,9
heebie,9
heskey,9
hijra,9
himes,9
himmel,9
hirose,9
hispania,9
histograms,9
hkd,9
hmt,9
holmberg,9
hondas,9
hoole,9
hooter,9
hootsuite,9
hostetler,9
hotfix,9
hotstar,9
hoult,9
houndstooth,9
housebound,9
housley,9
housman,9
howse,9
hox,9
hta,9
htv,9
humours,9
hydrofluoric,9
hygroscopic,9
hypoplasia,9
idlewild,9
ifbb,9
iha,9
improver,9
incirlik,9
incriminated,9
infinities,9
inhabitable,9
initializing,9
injun,9
innervated,9
insincerity,9
internationalists,9
intoxicants,9
inundate,9
invercargill,9
ipe,9
iphigenia,9
ipsy,9
ithink,9
jablonski,9
jadhav,9
jaha,9
jankowski,9
janky,9
jebb,9
jemison,9
jerald,9
jetliner,9
jinja,9
jira,9
jitterbug,9
jizzed,9
jowl,9
joya,9
juanito,9
juda,9
juden,9
justa,9
kairi,9
kaizen,9
kallis,9
kalu,9
kalyani,9
karev,9
karis,9
karius,9
karmas,9
karta,9
kasdan,9
kassandra,9
kents,9
kerem,9
kero,9
kers,9
keshi,9
kham,9
khamis,9
kho,9
khris,9
kickapoo,9
kii,9
kimberlite,9
kincardine,9
kins,9
kintyre,9
kirklees,9
knower,9
knute,9
kobold,9
kodachrome,9
kolhapur,9
konan,9
koopa,9
kristal,9
kroc,9
ksenia,9
kunar,9
kure,9
kusanagi,9
kuttner,9
lagu,9
landsberg,9
lapham,9
lassies,9
laverty,9
ldn,9
leddy,9
legitimizes,9
leiva,9
lettie,9
levison,9
lha,9
libdems,9
licentious,9
lika,9
lilah,9
liotta,9
lipsky,9
liriano,9
llandaff,9
loadout,9
loder,9
loge,9
logjam,9
longitudes,9
loool,9
lores,9
lubed,9
lucilla,9
lucía,9
ludington,9
lumineers,9
macdougal,9
maclay,9
madrigals,9
mafias,9
magnetics,9
maiko,9
maillot,9
makerspace,9
malar,9
malthouse,9
malvo,9
mangas,9
mangling,9
manholes,9
marcion,9
marring,9
martinet,9
masayuki,9
masta,9
matsunaga,9
mattison,9
maybin,9
mbd,9
mckeen,9
mckelvey,9
mckenney,9
mclaurin,9
mclendon,9
mcmuffin,9
mcroberts,9
meadowlark,9
mechanisation,9
megiddo,9
mehndi,9
melnick,9
melodically,9
menken,9
meowth,9
mfb,9
mgk,9
mgp,9
microarrays,9
micromanagement,9
microwaving,9
mifune,9
milledgeville,9
miniskirts,9
mintage,9
mirador,9
mircea,9
miscalculations,9
miscast,9
misdirect,9
misericordia,9
mishawaka,9
misinterpretations,9
mitsuko,9
mitte,9
miwa,9
mkay,9
mmhmm,9
mmos,9
moai,9
mohican,9
molton,9
monbiot,9
monocyte,9
montville,9
monáe,9
moscato,9
motrin,9
mottram,9
mourad,9
moyles,9
muguruza,9
multis,9
nacelles,9
nagin,9
naha,9
nahh,9
nahin,9
nakba,9
nangarhar,9
naphthalene,9
nard,9
naumann,9
nematic,9
neosho,9
nerdist,9
neta,9
nevil,9
nihal,9
nimby,9
ninjutsu,9
nitrogenous,9
nmm,9
nondestructive,9
norsemen,9
northcott,9
notated,9
notionally,9
npi,9
nuala,9
nutri,9
nvda,9
nwr,9
nyborg,9
nystagmus,9
nürnberg,9
oakhurst,9
obd,9
obstetrical,9
oclock,9
odenkirk,9
oilseeds,9
olivo,9
oncogenes,9
onitsha,9
opeth,9
opining,9
opto,9
oranje,9
oriana,9
orkut,9
ostrander,9
ostrovsky,9
ouattara,9
outplay,9
outvoted,9
overman,9
overripe,9
owsley,9
packham,9
palladio,9
panay,9
pangaea,9
paralysing,9
partington,9
partys,9
pash,9
passphrase,9
passu,9
paxson,9
pdk,9
peatlands,9
peats,9
pendent,9
peninsulas,9
perforating,9
perpetua,9
perrie,9
pex,9
pharmacologically,9
phenobarbital,9
phenytoin,9
phlegmatic,9
photobomb,9
piatt,9
pickerel,9
pickler,9
pinecone,9
pineville,9
pirro,9
pisani,9
pismo,9
planta,9
plasterboard,9
plu,9
pme,9
pneumonic,9
poldi,9
pontypool,9
poos,9
popish,9
popularise,9
porcello,9
portholes,9
posible,9
pottstown,9
ppk,9
prabang,9
pragmatists,9
preflight,9
premenstrual,9
pressurize,9
pretexts,9
primitivism,9
princesse,9
pring,9
privatising,9
privileging,9
proces,9
procrastinated,9
procrastinator,9
pronominal,9
proprioception,9
psychodrama,9
psyop,9
puckering,9
pugilist,9
pullup,9
punny,9
pyramus,9
queef,9
queensberry,9
querrey,9
quizlet,9
quoc,9
qwest,9
radin,9
raees,9
raiment,9
ransack,9
rbd,9
rci,9
readmissions,9
reauthorize,9
recapitalization,9
recirculating,9
recollects,9
recombine,9
redditor,9
redfish,9
refered,9
refinishing,9
refueled,9
reh,9
relearning,9
relives,9
rencontres,9
reordered,9
represses,9
reprimanding,9
revamps,9
reversibly,9
revit,9
revitalisation,9
rewound,9
rials,9
rickles,9
ricocheting,9
rienzi,9
rlm,9
robinho,9
roches,9
rocketeer,9
roeder,9
rohe,9
rohini,9
rois,9
rone,9
rosalina,9
rubbermaid,9
rulership,9
runciman,9
rwe,9
ryobi,9
résumés,9
sahi,9
salonika,9
sanctifying,9
sandbank,9
sanh,9
sanson,9
saroyan,9
sashay,9
sasso,9
satiation,9
savitri,9
sconces,9
scopolamine,9
scorchers,9
scriptwriters,9
sdhc,9
sdo,9
seafarer,9
sealand,9
seda,9
sedley,9
seel,8
segues,8
semin,8
sensationally,8
sensitize,8
sessional,8
seán,8
shapeshift,8
shearman,8
shenton,8
sheol,8
sherds,8
shinsengumi,8
shkreli,8
shofar,8
shola,8
shoul,8
shoutouts,8
shox,8
sht,8
sickos,8
sidra,8
sildenafil,8
silencio,8
silverfish,8
sinewy,8
singhal,8
sippin,8
sisk,8
skeffington,8
skene,8
skyping,8
skyrockets,8
slayings,8
slingers,8
sloe,8
sloppily,8
slyke,8
smileys,8
snowballing,8
snu,8
solaire,8
solari,8
sophomoric,8
sorbitol,8
souled,8
sourceforge,8
southwold,8
spacial,8
speakin,8
spen,8
spheroid,8
sphinxes,8
spicier,8
sportster,8
sprucing,8
srikanth,8
stampeding,8
steller,8
stepladder,8
sterol,8
stomata,8
strafe,8
strathcona,8
strickler,8
stritch,8
strummer,8
subjugating,8
submersibles,8
subspaces,8
sumlin,8
sunburns,8
supernovas,8
svo,8
swett,8
swindell,8
switchable,8
sylla,8
tachi,8
taika,8
talkshow,8
tames,8
tanah,8
tanger,8
tards,8
tarring,8
tarsal,8
teamviewer,8
teddies,8
teem,8
televangelist,8
tethys,8
themistocles,8
thenceforth,8
theorised,8
thetis,8
thien,8
tilburg,8
tillotson,8
tizen,8
topcoat,8
topman,8
topos,8
toughening,8
toute,8
traktor,8
tramples,8
transferee,8
transhumanism,8
transpersonal,8
trebuchet,8
triana,8
trie,8
troye,8
troyer,8
truax,8
tsubaki,8
tubule,8
tufa,8
tup,8
tweeds,8
typists,8
tyus,8
ulrik,8
unai,8
unam,8
unbeknown,8
unbidden,8
unboxed,8
unclos,8
understating,8
unevenness,8
unflappable,8
unflinchingly,8
ungar,8
unordered,8
unsentimental,8
unsparing,8
unsupportive,8
unzipping,8
upregulated,8
urf,8
urologists,8
ursuline,8
uws,8
vacay,8
vacillating,8
vaguest,8
valmont,8
vaporizers,8
vash,8
vashti,8
vaucluse,8
veblen,8
velvets,8
veolia,8
verdugo,8
veronicas,8
vespucci,8
vienne,8
villani,8
violoncello,8
virgina,8
vulcanized,8
wadding,8
wafts,8
waggle,8
waistcoats,8
wallen,8
wayy,8
wch,8
wellingtons,8
wenches,8
whis,8
whm,8
wieder,8
windies,8
wino,8
withington,8
withrow,8
withstands,8
wku,8
womankind,8
woodcraft,8
wooooo,8
xlvi,8
yaba,8
yeoh,8
yevhen,8
yokes,8
yosuke,8
ypu,8
yuriko,8
zaibatsu,8
zdf,8
zhuge,8
zingers,8
zuid,8
abdelkader,8
accustom,8
achtung,8
actualize,8
adat,8
agarose,8
agnelli,8
aguayo,8
ahearn,8
ailerons,8
aimer,8
aisa,8
akkad,8
alarmists,8
albertville,8
albuterol,8
alimentary,8
almanacs,8
altright,8
amanpour,8
amaterasu,8
amelioration,8
ammunitions,8
amoy,8
andersons,8
andries,8
anglicized,8
anorak,8
anthocyanins,8
anticompetitive,8
antigonus,8
aom,8
applewhite,8
aquarian,8
arbitrations,8
arby,8
areva,8
arminius,8
armond,8
arnot,8
arrowsmith,8
artform,8
arundhati,8
assen,8
atatürk,8
aten,8
audiotape,8
auroral,8
australopithecus,8
avada,8
avenir,8
ayotte,8
azealia,8
azide,8
azula,8
azura,8
baan,8
babangida,8
backroads,8
backswing,8
badmouth,8
bagman,8
bahaha,8
bahu,8
bajan,8
baptista,8
bareilly,8
barenaked,8
barrell,8
barretto,8
bartsch,8
baryshnikov,8
bassano,8
basslines,8
battlecruiser,8
beckenbauer,8
becton,8
belizean,8
benchmarked,8
benno,8
benoist,8
berlinale,8
berthe,8
betaine,8
betide,8
bettor,8
beurre,8
bfm,8
bhim,8
biermann,8
bijan,8
bikeway,8
billericay,8
biron,8
bittner,8
blabbing,8
bleedin,8
blemished,8
bli,8
blustering,8
bnf,8
bofors,8
bonnard,8
bopp,8
borate,8
borgen,8
botelho,8
bothy,8
boudin,8
bourguignon,8
bouton,8
braham,8
brathwaite,8
breadcrumb,8
breds,8
brillo,8
brinker,8
briony,8
brolly,8
brucellosis,8
brunches,8
btk,8
buildin,8
bula,8
burra,8
burridge,8
busyness,8
butkus,8
caballeros,8
cagle,8
callsign,8
calvino,8
candidiasis,8
canted,8
capris,8
capsizes,8
capsular,8
caracalla,8
cargos,8
carotenoid,8
carphone,8
carpio,8
carron,8
catalysed,8
cavers,8
cayo,8
centenarian,8
ceramide,8
certitude,8
chappaqua,8
chavan,8
cheesing,8
chemnitz,8
chesham,8
chiari,8
chicha,8
chikara,8
chillout,8
chocked,8
cholla,8
chromed,8
cina,8
circularly,8
civilize,8
clansmen,8
cleethorpes,8
clickers,8
clicquot,8
climatologist,8
clow,8
clubhouses,8
clytemnestra,8
cnts,8
cocke,8
cockerill,8
coinsurance,8
collinsworth,8
communistic,8
compere,8
concessionaire,8
conditionality,8
conta,8
corregidor,8
cotterill,8
cottesloe,8
countercultural,8
counterpoints,8
couponing,8
cozying,8
crabbing,8
creepiness,8
crematory,8
crissy,8
croesus,8
crotches,8
crowdsource,8
cumshots,8
cupids,8
daringly,8
darks,8
dasa,8
daviess,8
dbacks,8
deaver,8
debuchy,8
decaffeinated,8
deci,8
decrypting,8
defi,8
deification,8
deigned,8
demian,8
demoed,8
demographers,8
demonise,8
deputized,8
derogation,8
dessie,8
destructiveness,8
dhillon,8
dhow,8
dicta,8
dieback,8
dignities,8
dilworth,8
dingley,8
diphenhydramine,8
diphthongs,8
dipshits,8
dirtbags,8
discolouration,8
disengages,8
disincentives,8
disneyworld,8
dissociating,8
donnan,8
doogie,8
doorkeeper,8
dorje,8
dowie,8
drainages,8
dreamtime,8
dredges,8
dromedary,8
ductwork,8
duvets,8
dvrs,8
ecstacy,8
edgewise,8
edinson,8
effluents,8
egmond,8
electricals,8
electromagnets,8
enablement,8
encyclopaedic,8
epitaphs,8
epoque,8
errs,8
erv,8
erythropoietin,8
ette,8
eua,8
eurogamer,8
evacuates,8
evilly,8
evilness,8
exotica,8
exoticism,8
externals,8
extricated,8
famas,8
fani,8
fanshawe,8
faramir,8
fasti,8
fcking,8
fers,8
fetishist,8
fev,8
fierro,8
fira,8
firebug,8
fisc,8
fishbone,8
fishmongers,8
fixating,8
flails,8
flakey,8
flashcard,8
flc,8
flix,8
fluoridated,8
fna,8
foretells,8
formate,8
fourty,8
fowles,8
freeloading,8
frenemies,8
fresenius,8
fricative,8
frogger,8
frutti,8
ftt,8
fuddy,8
fukin,8
fukui,8
fuld,8
fuq,8
fuuuuck,8
gages,8
gailey,8
garces,8
garman,8
garou,8
gast,8
gehenna,8
geisel,8
geneve,8
geode,8
gerrymander,8
gies,8
giessen,8
giftedness,8
gion,8
glamis,8
gleamed,8
glenlivet,8
glenrothes,8
gluconeogenesis,8
glucoside,8
godalming,8
goddamit,8
goiter,8
gomis,8
gopnik,8
gort,8
govts,8
gowda,8
grats,8
gruyere,8
guatemalans,8
gude,8
gulden,8
gwh,8
gyles,8
hahnemann,8
hames,8
hanscom,8
harlech,8
hartwig,8
haughey,8
hayama,8
hazed,8
hdc,8
headbanging,8
hedlund,8
henke,8
hibbs,8
hield,8
highlife,8
hippolyte,8
histologically,8
hitz,8
hlf,8
hobhouse,8
hok,8
holderness,8
homolog,8
honiara,8
honorarium,8
hopf,8
horas,8
horseplay,8
hotbeds,8
howlers,8
hugest,8
hydrofoil,8
hypatia,8
hyperventilation,8
hyponatremia,8
hysteric,8
iag,8
ibr,8
icom,8
idee,8
ifrit,8
igh,8
iir,8
ikaw,8
iku,8
imlay,8
immortalize,8
immunize,8
incall,8
incentivizing,8
inchoate,8
inconsiderable,8
inconstant,8
incorporeal,8
inextricable,8
infarct,8
inflectional,8
instacart,8
interlaken,8
intermediation,8
interspecific,8
intresting,8
involution,8
iolaus,8
irobot,8
iselin,8
isolator,8
jacobian,8
jailor,8
jair,8
jairus,8
janu,8
jayant,8
jeffress,8
jihadism,8
joad,8
jre,8
jtbc,8
jui,8
jupiters,8
kalo,8
kalos,8
kamau,8
kampong,8
kashima,8
kaushik,8
keeton,8
kens,8
keon,8
khama,8
khurana,8
kilby,8
klug,8
knotweed,8
knowle,8
knuckled,8
knuth,8
koan,8
koc,8
koenigsegg,8
kojak,8
komal,8
koroma,8
koval,8
kovalchuk,8
kozhikode,8
kozlov,8
ksl,8
ksp,8
kuznetsova,8
labile,8
ladles,8
lari,8
leafless,8
leatherback,8
lederman,8
leen,8
leonore,8
lettuces,8
liberté,8
librettist,8
lichtenberg,8
lickin,8
likability,8
lings,8
lish,8
littlehampton,8
liveleak,8
lna,8
loanee,8
lohengrin,8
lookit,8
loonie,8
loungers,8
louts,8
loveridge,8
lpm,8
lulling,8
lundquist,8
lutea,8
lvn,8
lvov,8
lyapunov,8
lyrica,8
macbride,8
macedo,8
magnificat,8
mago,8
maillard,8
mailonline,8
majuro,8
makerbot,8
malachy,8
mallika,8
malpas,8
malthusian,8
mandla,8
manzano,8
marah,8
marcio,8
marginalia,8
margrave,8
maries,8
marotta,8
martinson,8
matip,8
mattei,8
matteson,8
mavi,8
maximalist,8
mcconville,8
mcelwain,8
mcgahn,8
meaghan,8
meinhof,8
melodramas,8
memnon,8
mendacious,8
menfolk,8
mentos,8
merivale,8
merkur,8
merryweather,8
mestre,8
microalgae,8
microcomputers,8
microeconomic,8
microfiche,8
microsatellite,8
midnite,8
mindfuck,8
mironov,8
misapprehension,8
misfiring,8
missoni,8
misstatements,8
mixology,8
monied,8
moonless,8
mortgagee,8
mosse,8
mtgox,8
muang,8
mumia,8
munda,8
mushroomed,8
mutinied,8
muzak,8
muzzles,8
myeong,8
naics,8
naidoo,8
namah,8
nanocrystals,8
naptime,8
naqvi,8
narratively,8
navajos,8
nbi,8
neato,8
networth,8
neufeld,8
nidal,8
nilson,8
nimr,8
noblewoman,8
noho,8
nonsmokers,8
normale,8
norn,8
northshore,8
novato,8
ntpc,8
nugs,8
nuk,8
nureyev,8
nwc,8
oberhausen,8
occultation,8
ofhis,8
oia,8
oishi,8
oldtown,8
omnichannel,8
opportunistically,8
orazio,8
overplay,8
overshooting,8
oyu,8
paintballs,8
panem,8
pantaloons,8
papery,8
papoose,8
parkdale,8
pasay,8
passant,8
passbook,8
pastured,8
pataki,8
paver,8
pawpaw,8
peanutbutter,8
pedicle,8
peltz,8
pemba,8
percenters,8
peretti,8
permanency,8
petoskey,8
petrovna,8
petunias,8
pharaonic,8
philately,8
phosphodiesterase,8
photoelectron,8
physico,8
pilfer,8
pinta,8
plagioclase,8
plasticine,8
platon,8
pmb,8
pmf,8
pmma,8
pollitt,8
polyhedra,8
polyhedron,8
poot,8
positano,8
postponements,8
potatoe,8
pouts,8
pramod,8
prebendary,8
precure,8
predisposes,8
preemie,8
preproduction,8
preprogrammed,8
presentational,8
prideaux,8
prioress,8
profesional,8
profumo,8
proteas,8
protractor,8
prr,8
psat,8
psychomotor,8
pterosaurs,8
purchasable,8
purdah,8
purpurea,8
pushup,8
qotd,8
quadrille,8
quebecers,8
quiff,8
quintal,8
quitted,8
rahn,8
rall,8
ramapo,8
ranma,8
rato,8
rch,8
reassembly,8
recalibrated,8
recertification,8
recommence,8
reconciliations,8
reconquest,8
recyclers,8
reet,8
reimburses,8
reinstates,8
reintegrated,8
remount,8
renn,8
restrictor,8
returnee,8
reusability,8
reveries,8
rgiii,8
robotnik,8
rockefellers,8
roehampton,8
rogoff,8
rollerball,7
rolph,7
roppongi,7
rosado,7
rosebank,7
rosicky,7
rostered,7
roughnecks,7
rouses,7
rse,7
rubén,7
rudnick,7
rusts,7
ryans,7
rybak,7
sabot,7
salable,7
salafism,7
sando,7
sanitizers,7
sanjana,7
sargasso,7
sarkeesian,7
sater,7
satnav,7
satyam,7
savonarola,7
saybrook,7
sayeed,7
sayle,7
sayo,7
sayuri,7
schaaf,7
schecter,7
schneier,7
scintilla,7
scor,7
scotti,7
scrabbling,7
scripta,7
scuffles,7
sculpts,7
seidman,7
seismically,7
sekou,7
selly,7
seol,7
severest,7
shap,7
shapewear,7
sharer,7
sheerness,7
sherburne,7
sherrington,7
shilton,7
shiori,7
shipmate,7
shorthair,7
shortlived,7
sikander,7
silmarillion,7
sils,7
silvered,7
simm,7
simson,7
skagway,7
skanks,7
skrull,7
skydivers,7
slammin,7
slideshows,7
smdh,7
smokestacks,7
smsf,7
snicket,7
snoqualmie,7
soley,7
sophy,7
soso,7
southington,7
spanglish,7
spankings,7
spatio,7
specificities,7
spermatogenesis,7
spikey,7
splish,7
spooking,7
sqrt,7
srd,7
stahp,7
stanwood,7
stich,7
stripy,7
sturgess,7
subcutaneously,7
sukuk,7
suncoast,7
sunway,7
supercross,7
supersized,7
supplications,7
suppositions,7
surmises,7
sustainer,7
swazi,7
switcheroo,7
syncopation,7
syngenta,7
synthpop,7
systemwide,7
szczesny,7
tarbell,7
tav,7
technetium,7
tecmo,7
teg,7
tegel,7
telepresence,7
televising,7
terje,7
terrine,7
tetrad,7
tff,7
thermostatic,7
thickener,7
thinktank,7
thwack,7
tiddy,7
timberlands,7
tiv,7
tokenism,7
tolerability,7
tollbooth,7
tomoya,7
tomsk,7
tono,7
touma,7
tpn,7
tractive,7
tralee,7
transpacific,7
tranter,7
trekker,7
trenchard,7
trentino,7
trilingual,7
trolleybus,7
trombonist,7
tromp,7
trouncing,7
trussell,7
tsl,7
tunas,7
tuv,7
tweek,7
tynemouth,7
tyreese,7
tyt,7
uemura,7
ulric,7
ulu,7
unalterable,7
uncirculated,7
undelivered,7
undercoat,7
underplayed,7
undisguised,7
unenlightened,7
unhrc,7
unobtrusively,7
unproblematic,7
unquestioningly,7
uoc,7
uproarious,7
upwork,7
urlacher,7
uwi,7
vales,7
valter,7
valuers,7
vaporwave,7
varghese,7
vaso,7
vasu,7
vdi,7
vidi,7
vilest,7
vindicating,7
vinland,7
virender,7
visite,7
vla,7
vocalize,7
vorticity,7
vsa,7
vsi,7
vtr,7
walkouts,7
wanganui,7
wao,7
warfighter,7
warton,7
wastin,7
watkin,7
wavelets,7
weah,7
webcasts,7
wensleydale,7
werdum,7
wescott,7
whaaaat,7
whimpered,7
whirlpools,7
whisks,7
wholes,7
wildfowl,7
willkie,7
winterton,7
wisecracks,7
wittle,7
worldcom,7
wowing,7
wrasse,7
wtt,7
wyld,7
xxxvii,7
yey,7
yod,7
yokota,7
yorba,7
yoru,7
zal,7
zat,7
zwingli,7
aaronson,7
aave,7
abdicating,7
abductees,7
abducts,7
abend,7
abiola,7
absentmindedly,7
actinides,7
activites,7
adaptions,7
adarsh,7
adcs,7
adduced,7
adenomas,7
admiringly,7
adroitly,7
aerobatics,7
afo,7
aggrandizing,7
agitprop,7
agonizingly,7
ahahah,7
airframes,7
aladin,7
albumen,7
algol,7
alikes,7
alkmaar,7
alliant,7
allogeneic,7
allograft,7
allopathic,7
allāh,7
almshouse,7
alper,7
alyce,7
amalgamating,7
amaru,7
amh,7
amuck,7
anata,7
annotating,7
apopka,7
appelbaum,7
apposite,7
apulia,7
arbors,7
armstead,7
arrangers,7
arround,7
arthroscopy,7
asexuality,7
askmen,7
asse,7
asser,7
assiniboine,7
astbury,7
aude,7
aussi,7
aventis,7
avia,7
ayaan,7
ayoub,7
backburner,7
backplane,7
bandaging,7
barberton,7
bardic,7
barwon,7
basswood,7
batching,7
bateau,7
bathhouses,7
battlers,7
bawa,7
bdr,7
beastmaster,7
beatified,7
beckerman,7
beecroft,7
begonias,7
begovic,7
believin,7
benita,7
benvenuto,7
berrigan,7
betelgeuse,7
betula,7
bfp,7
bhk,7
bice,7
bichon,7
bicol,7
bideford,7
bigwig,7
bildt,7
biochemists,7
biosensor,7
biotechnological,7
birchall,7
biss,7
bitte,7
blandly,7
blavatsky,7
blitzes,7
blurting,7
bogaerts,7
bomer,7
bort,7
bosman,7
boudreaux,7
boyega,7
boyko,7
brach,7
brachytherapy,7
breakaways,7
breviary,7
brielle,7
brindisi,7
broadstairs,7
brockovich,7
brok,7
broly,7
brossard,7
brutalities,7
btm,7
buchman,7
buildable,7
busied,7
calorimeter,7
caprices,7
capulet,7
carabiner,7
cariboo,7
carnoustie,7
carrel,7
cartersville,7
cassano,7
catabolism,7
catesby,7
cauley,7
cavett,7
cbus,7
celeriac,7
cerezo,7
chakrabarty,7
challah,7
characterful,7
charmin,7
charnel,7
charring,7
chatillon,7
childline,7
chillingly,7
chlorate,7
chondroitin,7
chorionic,7
choux,7
christianized,7
christiano,7
chungking,7
ciba,7
cinerea,7
circumcise,7
cisse,7
cks,7
clacking,7
clades,7
clyburn,7
cobbett,7
cogito,7
coherency,7
cohle,7
coloureds,7
combated,7
comeau,7
commercialised,7
comon,7
compl,7
compuserve,7
conaway,7
confiscations,7
copiously,7
coprocessor,7
coquelin,7
corbet,7
corson,7
courgettes,7
crosland,7
crossbreed,7
crossdresser,7
crossland,7
crotchety,7
cruddy,7
cryogenics,7
cubical,7
cudahy,7
cursus,7
curtsy,7
curveballs,7
dachshunds,7
dagens,7
daikon,7
dantonio,7
deeley,7
deferrals,7
defunded,7
delamination,7
delius,7
deripaska,7
derwin,7
deshpande,7
despairs,7
dess,7
devdas,7
diaghilev,7
diasporas,7
diaw,7
diemen,7
dilutions,7
dimanche,7
diol,7
disqualifications,7
disses,7
distros,7
distrusts,7
doormen,7
doujin,7
dowler,7
downdraft,7
downwardly,7
dreamily,7
ducasse,7
dunia,7
durning,7
dyers,7
dysmorphic,7
ecclesiology,7
elderflower,7
electorally,7
electroencephalography,7
elmont,7
eln,7
elwes,7
emploi,7
endothermic,7
energising,7
energizes,7
enthusiasms,7
entrained,7
entropic,7
epfl,7
espanola,7
esport,7
ethicist,7
euphemistic,7
evelyne,7
exif,7
facially,7
factoids,7
fadi,7
falken,7
farben,7
fastness,7
fedorov,7
feeny,7
feig,7
feigns,7
feis,7
fems,7
fera,7
fermion,7
feuerbach,7
figgis,7
firebombed,7
fitzherbert,7
fitzy,7
flatlands,7
flavourings,7
florey,7
flossie,7
flv,7
flyovers,7
flytrap,7
fmt,7
foreach,7
foundering,7
fouquet,7
fouts,7
freeloader,7
freighted,7
frescos,7
frilled,7
friz,7
frostburg,7
fräulein,7
fum,7
fursuit,7
futur,7
gaan,7
gadgetry,7
gagan,7
gaiters,7
garlicky,7
garonne,7
garver,7
gattuso,7
gentlewoman,7
geste,7
gfi,7
giantess,7
gifu,7
ginette,7
giz,7
glennie,7
gluteal,7
gmr,7
gokhale,7
goold,7
goos,7
gourlay,7
governesses,7
gowen,7
gpr,7
grahamstown,7
grandiosity,7
gren,7
greying,7
griefs,7
groundout,7
gulley,7
gundlach,7
guus,7
guyot,7
guyton,7
haagen,7
hakone,7
halberd,7
halfords,7
hammerheads,7
handcuffing,7
handstands,7
handsy,7
hapoel,7
hardcopy,7
hardesty,7
haredi,7
harty,7
hatt,7
havisham,7
hbcus,7
headey,7
heartwood,7
hef,7
heineman,7
heis,7
hemiptera,7
hench,7
hensel,7
herakles,7
heu,7
hilts,7
hindman,7
hoagland,7
hobsbawm,7
hohenzollern,7
hollers,7
hols,7
hominin,7
honiton,7
hootenanny,7
hopsin,7
hornaday,7
hostname,7
hozier,7
hucknall,7
hullo,7
humpbacks,7
hurtled,7
hyndman,7
héctor,7
idl,7
ifo,7
iihf,7
iits,7
ilorin,7
imbues,7
impounding,7
indyref,7
infineon,7
inglourious,7
interdenominational,7
interregional,7
irak,7
irregardless,7
isna,7
iupui,7
ivories,7
jades,7
janta,7
jardim,7
jauregui,7
jayce,7
jeevan,7
jeh,7
jeopardised,7
jessel,7
jetson,7
jho,7
jse,7
kahl,7
kakadu,7
kannan,7
karlsen,7
karyotype,7
katzenberg,7
kaveri,7
kazakhstani,7
kearse,7
kelman,7
kerrville,7
khost,7
kingdon,7
kishida,7
kittle,7
kjell,7
klassen,7
klebsiella,7
kocher,7
konya,7
kootenai,7
kresge,7
kugel,7
kundan,7
kuntz,7
kynaston,7
labradors,7
landrum,7
lanthanum,7
lapu,7
lateef,7
lauro,7
leber,7
ledbury,7
lestrade,7
letourneau,7
levitan,7
libros,7
licious,7
lieve,7
ligase,7
lincs,7
lipophilic,7
liq,7
litte,7
livability,7
livi,7
llewyn,7
lmr,7
lmu,7
loftier,7
lona,7
longe,7
loofah,7
loria,7
loupe,7
lovecraftian,7
loïc,7
ludlam,7
luella,7
lunched,7
lurkers,7
lxi,7
léa,7
macaroon,7
macdonnell,7
mackin,7
maclellan,7
macromedia,7
madding,7
mado,7
maggs,7
magnums,7
mahabharat,7
mailbag,7
mainichi,7
malcontent,7
malka,7
malling,7
maltose,7
malum,7
manado,7
manan,7
manana,7
manfully,7
manioc,7
manzanita,7
marathas,7
margolin,7
markson,7
marlee,7
marmoset,7
marquetry,7
marwood,7
mashhad,7
matriarchy,7
matsuoka,7
mauch,7
maxson,7
mccrary,7
mccullers,7
mcgrew,7
mclntyre,7
medlock,7
megatons,7
meissen,7
melancon,7
melanocytes,7
mentone,7
merkley,7
metas,7
mff,7
microplastics,7
midrib,7
mikal,7
millay,7
mimesis,7
minha,7
minimus,7
misapplied,7
misdemeanours,7
mistranslation,7
mistrustful,7
mnangagwa,7
moco,7
molineux,7
mondragon,7
moneylender,7
montour,7
moonee,7
morbius,7
morra,7
mostert,7
mousepad,7
mrd,7
mtsu,7
mukti,7
multicore,7
mundial,7
musicale,7
musso,7
myx,7
nabs,7
nain,7
nanowrimo,7
nasik,7
natascha,7
ndrangheta,7
nearsighted,7
nemeth,7
neogene,7
nestorius,7
netto,7
netware,7
neurotrophic,7
ngan,7
nias,7
nicolle,7
niños,7
noisiest,7
nolo,7
nonalcoholic,7
noncombatants,7
noncommissioned,7
nordberg,7
norml,7
norwell,7
novela,7
novum,7
nsd,7
nswrl,7
numberless,7
nusrat,7
nypl,7
oaky,7
obits,7
objets,7
oddie,7
ohi,7
oie,7
olivares,7
olt,7
opensuse,7
opn,7
orangemen,7
orangey,7
orillia,7
ormonde,7
orne,7
oropharyngeal,7
orthotics,7
osmium,7
ouray,7
outfall,7
outsize,7
ovc,7
overacting,7
overcompensating,7
oxalic,7
paik,7
palahniuk,7
palimpsest,7
palpation,7
panettiere,7
panjab,7
pantai,7
panzers,7
papist,7
paraiso,7
parkways,7
parler,7
parotid,7
parses,7
passionfruit,7
patras,7
patrizia,7
payables,7
paymasters,7
pbe,7
pbp,7
pdd,7
pectoralis,7
pelley,7
pennyworth,7
pentru,7
permeation,7
perreault,7
perrot,7
perryman,7
personalizing,7
pettibone,7
pettitte,7
phon,7
phr,7
picatinny,7
picc,7
piedra,7
piggybacking,7
pila,7
pinche,7
pinheiro,7
pinko,7
pion,7
piscina,7
piti,7
pitti,7
piyush,7
plantarum,6
pleasance,6
pleurisy,6
polisario,6
pomodoro,6
portas,6
porterhouse,6
portola,6
positrons,6
possessiveness,6
postgrad,6
potlatch,6
potties,6
pouncey,6
pourquoi,6
poway,6
powerlines,6
prejudge,6
preprocessing,6
preprocessor,6
prestatyn,6
preteens,6
probative,6
produc,6
programm,6
prolapsed,6
pronotum,6
proteome,6
ptarmigan,6
publick,6
pugin,6
puntland,6
purposeless,6
purty,6
purves,6
qrs,6
quantifier,6
quarantining,6
quiets,6
raby,6
radcliff,6
ragini,6
rainfalls,6
ravan,6
reales,6
realme,6
recouping,6
redactions,6
reemergence,6
reenacted,6
rehome,6
reiteration,6
reorganizations,6
replications,6
republika,6
repudiating,6
resales,6
ressler,6
rett,6
reunified,6
rhcp,6
richa,6
rifkind,6
rimfire,6
rippers,6
roadwork,6
roids,6
rollercoasters,6
romine,6
rosea,6
roundish,6
rowse,6
ruber,6
ruggedly,6
ruy,6
ryoko,6
saat,6
sacher,6
sagamore,6
sahaba,6
saiyans,6
salama,6
saltier,6
samuelsson,6
sarris,6
sather,6
saturnalia,6
scallion,6
scarpa,6
scher,6
schiano,6
schild,6
schlitz,6
schreck,6
scotsmen,6
scourges,6
screenshotted,6
scribd,6
seaplanes,6
secundum,6
seige,6
selwood,6
semiconducting,6
semigroup,6
sene,6
senselessly,6
seperately,6
sereno,6
serling,6
serna,6
serotype,6
serpico,6
sette,6
shahin,6
sharky,6
shearers,6
shelia,6
shilo,6
shinhwa,6
shiz,6
shobha,6
shoshana,6
shredders,6
shwe,6
sidharth,6
signee,6
sintra,6
sixer,6
sketchup,6
skippered,6
skittle,6
slickers,6
slingshots,6
smiting,6
sml,6
smok,6
sneddon,6
snogging,6
sodastream,6
soleimani,6
soll,6
sommerville,6
soos,6
sourness,6
southwestward,6
spann,6
spectrophotometer,6
speculatively,6
spinsters,6
spiralled,6
sportier,6
sprache,6
sprue,6
sqlite,6
stabling,6
stakeout,6
starin,6
startles,6
stawell,6
steffens,6
stereochemistry,6
stereotactic,6
sternal,6
stigmatised,6
stra,6
stripling,6
subcortical,6
suborder,6
substantia,6
suburbanites,6
successions,6
sucralose,6
suddenness,6
summerland,6
sunbed,6
sunland,6
sunnies,6
surv,6
surveilled,6
surveilling,6
suspiria,6
susumu,6
suzumiya,6
svengali,6
takano,6
talky,6
tallman,6
tanuki,6
targum,6
tarly,6
tatoo,6
tef,6
tela,6
tenzing,6
terming,6
terrebonne,6
tez,6
tgp,6
thallus,6
thapar,6
theotokos,6
thoracotomy,6
tigh,6
timebomb,6
titers,6
tiwa,6
tno,6
todorov,6
toodles,6
toontown,6
tpt,6
transcriber,6
trant,6
trello,6
trenching,6
trf,6
tricuspid,6
triviality,6
trustful,6
truther,6
trys,6
twitterverse,6
twrp,6
tynecastle,6
ulrika,6
unb,6
unclothed,6
unconquerable,6
underachievers,6
unexceptional,6
unfixed,6
universiti,6
unnie,6
unorganised,6
unprompted,6
unruh,6
unscramble,6
untying,6
upsilon,6
ussf,6
utena,6
utis,6
vacaville,6
valine,6
valorous,6
vds,6
veidt,6
veloso,6
veni,6
ventana,6
verifications,6
vibranium,6
victorino,6
videographers,6
vindictiveness,6
visualising,6
vixx,6
volcanics,6
vong,6
vot,6
waititi,6
wallenstein,6
waseda,6
wate,6
webrtc,6
weetabix,6
wegman,6
wenlock,6
westford,6
whatta,6
wijnaldum,6
wilby,6
wined,6
wingback,6
wisley,6
wolford,6
woll,6
workington,6
worktop,6
worming,6
wynyard,6
xls,6
yalu,6
yehudi,6
yersinia,6
yoshioka,6
yukawa,6
yuli,6
zabaleta,6
zacatecas,6
zaitsev,6
zajac,6
zend,6
zloty,6
zodiacal,6
zouk,6
zuo,6
aaaaa,6
aaahh,6
abdu,6
abf,6
abraxas,6
acq,6
actes,6
acuna,6
acyclovir,6
adar,6
adebayo,6
adjudicators,6
adra,6
adulteress,6
airstrips,6
akbari,6
akm,6
alabang,6
alcon,6
aldwych,6
alii,6
alkylation,6
almas,6
alyosha,6
amalgamations,6
amateurism,6
amazeballs,6
ambridge,6
ampoule,6
anatomists,6
anesthetist,6
angelis,6
anglin,6
anhalt,6
anscombe,6
ansley,6
anteaters,6
anticlimax,6
antiphon,6
antivirals,6
aoun,6
apgar,6
appétit,6
arbeit,6
arcgis,6
arish,6
arliss,6
armee,6
asiago,6
assem,6
astarte,6
astonishes,6
astrobiology,6
asya,6
atresia,6
augh,6
avaricious,6
averell,6
awal,6
awf,6
babatunde,6
babin,6
babri,6
backlink,6
baf,6
bagatelle,6
bairn,6
baltasar,6
banbridge,6
bape,6
barometers,6
barré,6
bartle,6
bassnectar,6
baster,6
battier,6
bayly,6
beatific,6
beaverbrook,6
becalmed,6
beda,6
beeching,6
beguile,6
beller,6
benbow,6
benedictus,6
bernalillo,6
bernards,6
bertelsmann,6
berti,6
betjeman,6
bhajan,6
bhardwaj,6
bho,6
biatch,6
bilaspur,6
billerica,6
bilton,6
bima,6
biosystems,6
birthmarks,6
blancos,6
blankie,6
blucher,6
bogans,6
bogdanov,6
boingo,6
bombards,6
booboo,6
booke,6
bosniaks,6
bowerman,6
bowness,6
breadboard,6
brewin,6
bridgnorth,6
broaching,6
brogues,6
bronc,6
brundage,6
brunello,6
bsm,6
bulged,6
bulle,6
bupropion,6
burges,6
burnish,6
burped,6
burried,6
butterball,6
buttering,6
bwv,6
bylsma,6
caddyshack,6
cagliostro,6
cahokia,6
caloundra,6
calvi,6
camomile,6
canapes,6
candyland,6
cantatas,6
cantt,6
cardassians,6
carloads,6
carm,6
carmi,6
carnitas,6
carryout,6
carvin,6
castellan,6
catalonian,6
catcalls,6
catena,6
cattaraugus,6
cauterize,6
cavil,6
cawdor,6
champagnes,6
chanter,6
chaperoned,6
chari,6
charis,6
charybdis,6
chatman,6
chaturvedi,6
chazelle,6
cheeseman,6
chernov,6
chicagoan,6
chicharito,6
chinamen,6
choa,6
chobani,6
chocobo,6
chorister,6
chumash,6
cienfuegos,6
cipriano,6
cita,6
citta,6
cked,6
clackmannanshire,6
claymores,6
cleavages,6
cobo,6
cointelpro,6
columbiana,6
colusa,6
combusted,6
comicon,6
commiting,6
comptes,6
concertmaster,6
concho,6
congee,6
containerized,6
contrastive,6
coren,6
cosas,6
cosatu,6
cosmologists,6
coss,6
counterexamples,6
courtauld,6
cracknell,6
crampons,6
creaked,6
creutzfeldt,6
crimestoppers,6
crippen,6
crofting,6
crothers,6
csos,6
curtius,6
curwen,6
cusa,6
cytomegalovirus,6
dagan,6
darter,6
dashi,6
daunt,6
dawah,6
daylong,6
deano,6
debutants,6
degen,6
degradable,6
dejesus,6
demarcate,6
dembélé,6
demonetization,6
demystifying,6
denarii,6
denholm,6
deok,6
depew,6
depuis,6
derna,6
derricks,6
descript,6
desiccant,6
despacito,6
dessau,6
dickies,6
digester,6
dimm,6
dinsdale,6
dipoles,6
disaggregated,6
dishonorably,6
distil,6
distrusting,6
divs,6
diyala,6
dobell,6
doheny,6
dornoch,6
doron,6
doublespeak,6
downrange,6
dph,6
draftkings,6
dragster,6
drainpipe,6
drivable,6
drogon,6
dubin,6
dudek,6
duell,6
dummett,6
durfee,6
dvs,6
dwain,6
eartha,6
eberhardt,6
eby,6
ecig,6
eelam,6
egger,6
eked,6
electroconvulsive,6
eley,6
eliasson,6
elodie,6
emerton,6
emmylou,6
enshrines,6
entendres,6
enteral,6
entrusts,6
eom,6
epitomize,6
epos,6
erdem,6
erl,6
ernakulam,6
erosive,6
estancia,6
esxi,6
ethnics,6
euc,6
eulogized,6
evensong,6
exacts,6
exalting,6
executables,6
existentially,6
extols,6
extraversion,6
ezine,6
faience,6
failover,6
fanged,6
farida,6
farman,6
fascistic,6
favorited,6
fearmongering,6
federici,6
fibs,6
fiefdoms,6
fionn,6
firestarter,6
fiume,6
flatlining,6
flatscreen,6
fmg,6
fmln,6
foon,6
forager,6
forsook,6
francona,6
frannie,6
freie,6
friedan,6
friggen,6
fuerteventura,6
fuzzies,6
fuzziness,6
fyne,6
galeria,6
galeries,6
gamely,6
garfinkel,6
garside,6
gaughan,6
gavrilo,6
gbagbo,6
gbf,6
geir,6
geoffroy,6
gera,6
gha,6
ghostwriters,6
giacometti,6
giffard,6
gloriana,6
gnss,6
gobind,6
golkar,6
gollancz,6
gonadal,6
gondii,6
gordons,6
graciela,6
graig,6
granados,6
gratiot,6
greengrocer,6
greenies,6
greyfriars,6
grimms,6
grindcore,6
groce,6
guay,6
guida,6
guidry,6
guis,6
gurdy,6
gute,6
guyz,6
général,6
haaa,6
haakon,6
hachiman,6
hade,6
haematology,6
halden,6
hance,6
handpainted,6
hansford,6
hardier,6
hargitay,6
harleys,6
harmondsworth,6
hastens,6
hawkgirl,6
haws,6
hayate,6
hdds,6
heared,6
heatley,6
hedonist,6
heitkamp,6
hele,6
hellsing,6
hemolysis,6
henhouse,6
hepatocyte,6
hicksville,6
hipp,6
hirata,6
hitless,6
hoek,6
hofman,6
hokusai,6
holladay,6
homi,6
hookworm,6
hotham,6
hoyas,6
hre,6
hsus,6
humm,6
huon,6
huracan,6
hurtle,6
husqvarna,6
hutto,6
hyperventilate,6
hypothermic,6
icona,6
idriss,6
igloos,6
ihn,6
impels,6
impr,6
inchon,6
inco,6
inconveniencing,6
incremented,6
individuation,6
infielders,6
infuriatingly,6
insolation,6
interlace,6
internationales,6
interrelationship,6
invertible,6
invisibles,6
ipi,6
iqaluit,6
irby,6
isac,6
isan,6
isengard,6
ishiguro,6
jaffrey,6
jeepney,6
jeronimo,6
jigging,6
jims,6
jizya,6
jnu,6
jrr,6
juliano,6
julieta,6
kaftan,6
kalani,6
kalanick,6
kalina,6
kamini,6
kanaka,6
kanban,6
kanya,6
karnes,6
karon,6
kasuga,6
kazuki,6
keio,6
kellys,6
keneally,6
khas,6
kibosh,6
kida,6
killington,6
kiswahili,6
kitto,6
kluge,6
knowsley,6
knudson,6
koblenz,6
kordofan,6
korner,6
kpn,6
krasner,6
kull,6
kyl,6
lactam,6
ladyboys,6
lampshades,6
languidly,6
lansley,6
laois,6
laparotomy,6
lapidary,6
lapidus,6
lathered,6
laurance,6
lazo,6
lbl,6
lbo,6
lck,6
leavening,6
lege,6
legionary,6
legitimation,6
leitmotif,6
lemaitre,6
lemos,6
lenape,6
letta,6
lewistown,6
limpid,6
lipopolysaccharide,6
liposomes,6
lithology,6
liye,6
llosa,6
lookups,6
loreal,6
louvers,6
lowcountry,6
lowy,6
lucario,6
lunsford,6
lve,6
lynd,6
lytic,6
maccas,6
macdiarmid,6
machineguns,6
maci,6
madani,6
maddock,6
maestros,6
maho,6
makeups,6
malevich,6
malheur,6
malky,6
malle,6
mandelbrot,6
mantegna,6
maplestory,6
mapleton,6
marcum,6
marios,6
maroni,6
marshlands,6
martí,6
maskell,6
masterminding,6
matins,6
matthiessen,6
mccausland,6
meadowbank,6
medicals,6
megachurch,6
meli,6
memon,6
ments,6
mesoscale,6
metin,6
meza,6
michu,6
mico,6
microbeads,6
microblogging,6
middlebrook,6
middlemarch,6
midvale,6
miletus,6
milord,6
mineshaft,6
minya,6
miquelon,6
misconstrue,6
mitzvahs,6
mizzen,6
mollify,6
mommas,6
monadnock,6
monohydrate,6
monophosphate,6
monteverde,6
morrowind,5
motha,5
mulaney,5
multimode,5
mutualism,5
myocarditis,5
namespaces,5
namm,5
nardo,5
nationalise,5
nautica,5
needa,5
neeley,5
neuilly,5
neuroanatomy,5
neurophysiological,5
neuroprotective,5
newey,5
newfield,5
newnan,5
newsline,5
neyland,5
ngr,5
nige,5
niggle,5
nobs,5
nobuo,5
northville,5
novotny,5
npb,5
nrsv,5
nueces,5
nuka,5
nunchucks,5
nyanza,5
oblongata,5
obstinately,5
ocher,5
oit,5
ojibwe,5
okun,5
olenna,5
oll,5
olla,5
olympique,5
oooooo,5
oos,5
optoelectronics,5
optometric,5
orientalis,5
ornately,5
oscillated,5
osteogenesis,5
ostrava,5
otw,5
oun,5
outmaneuvered,5
ouya,5
oversell,5
oxidised,5
paavo,5
pacifico,5
packwood,5
panicles,5
panjabi,5
parachutists,5
parekh,5
parmenides,5
partakes,5
pasir,5
passy,5
patinkin,5
pawning,5
pdvsa,5
peder,5
pemberley,5
perforce,5
peroxidation,5
petersham,5
pettersen,5
pfm,5
pharmacotherapy,5
phillipsburg,5
phos,5
photobooth,5
photographically,5
phyla,5
picardy,5
pierogi,5
piketty,5
pined,5
plac,5
placentia,5
plasminogen,5
pli,5
pokestops,5
polamalu,5
polyphemus,5
pomposity,5
ponyville,5
poulenc,5
powerlifter,5
poy,5
predawn,5
preordering,5
preplanned,5
prewitt,5
printemps,5
privations,5
programmatically,5
pruritus,5
psychoanalytical,5
pullers,5
pulliam,5
puter,5
putman,5
putrefaction,5
qatif,5
qazi,5
quis,5
quotients,5
rackspace,5
randomizer,5
rango,5
rasch,5
raskolnikov,5
rationalised,5
ratko,5
rausch,5
rauschenberg,5
raynes,5
rdi,5
reacquired,5
reale,5
reas,5
reciprocally,5
reconnects,5
recuperated,5
redruth,5
regularized,5
rehearses,5
relinquishes,5
rember,5
rensburg,5
reshoots,5
retch,5
rete,5
retellings,5
revenged,5
rheingold,5
rheinmetall,5
ridgely,5
ritesh,5
ritsu,5
roache,5
rochefoucauld,5
roseman,5
rouleau,5
rubick,5
rueda,5
ruel,5
rufc,5
ruggiero,5
rumpelstiltskin,5
rutted,5
saccharin,5
sadden,5
sadducees,5
saguenay,5
saker,5
salafis,5
sallah,5
sambora,5
sambuca,5
sanga,5
sarcomas,5
sarma,5
sasser,5
saturates,5
savoured,5
sawada,5
scalper,5
scamander,5
scapa,5
scb,5
schauer,5
schering,5
schermerhorn,5
schoolhouses,5
schriften,5
sclera,5
scratchers,5
scribal,5
scuffs,5
scullion,5
seabiscuit,5
seafoods,5
secker,5
secours,5
secunderabad,5
seemly,5
seiner,5
sellafield,5
selman,5
sequestering,5
seroquel,5
serrations,5
serval,5
servlet,5
será,5
setlists,5
sexologist,5
shadowlands,5
shakir,5
shama,5
shannen,5
shapps,5
sharers,5
sharron,5
shashank,5
shays,5
sheepshead,5
shinya,5
shippensburg,5
shirai,5
shish,5
sholom,5
sidious,5
sifu,5
siggraph,5
sigmoid,5
signboard,5
sjs,5
skipjack,5
slaine,5
slaty,5
slinking,5
slouched,5
smale,5
smbs,5
smet,5
smooching,5
soane,5
sobolev,5
sotu,5
spacesuits,5
spassky,5
specters,5
spiciness,5
spiderweb,5
splanchnic,5
spoleto,5
squee,5
staar,5
stackoverflow,5
stalagmites,5
stanky,5
stanning,5
stap,5
starker,5
stata,5
stiffs,5
stoat,5
stobart,5
stockhausen,5
stonemasons,5
stoppin,5
strassburg,5
stringently,5
strother,5
stw,5
stygian,5
submergence,5
subpart,5
subpopulation,5
subregions,5
suffragists,5
summarization,5
sumptuously,5
sunoco,5
sunroom,5
supe,5
sutil,5
sutured,5
svein,5
swanage,5
swellings,5
swiftest,5
swtor,5
syphon,5
syro,5
sysco,5
taal,5
tabulating,5
tainan,5
takuya,5
tamina,5
tamping,5
tawhid,5
tengah,5
thaad,5
thomaston,5
throu,5
thyroxine,5
tinley,5
tisa,5
tlingit,5
tmb,5
tme,5
tolerably,5
torta,5
townsite,5
toye,5
toymaker,5
tpl,5
traineeship,5
travaux,5
trestman,5
trilobite,5
trioxide,5
tripos,5
trong,5
tropico,5
tropospheric,5
tryed,5
tsavo,5
tsim,5
tumorigenesis,5
tuppence,5
twizzlers,5
uinta,5
ulaanbaatar,5
ulises,5
uly,5
umlaut,5
unappreciative,5
unconverted,5
uncorked,5
uncorrupted,5
undecideds,5
undergarment,5
unexposed,5
ungrounded,5
unicredit,5
unready,5
unsurprised,5
unweighted,5
upliftment,5
uveitis,5
valentinian,5
vanquishing,5
vasodilation,5
velázquez,5
vermiculite,5
vian,5
viburnum,5
vidalia,5
virg,5
viridian,5
vlans,5
vnc,5
você,5
voluble,5
vta,5
vázquez,5
wallonia,5
walser,5
warby,5
watermarking,5
watership,5
waza,5
wcvb,5
weale,5
webseries,5
webstore,5
whir,5
wideout,5
wilbraham,5
windowpane,5
wisner,5
wodonga,5
workfare,5
workhouses,5
worldliness,5
wud,5
xenos,5
yakovlev,5
yammer,5
yashin,5
yawl,5
yekaterina,5
yelped,5
yiff,5
yilmaz,5
ymir,5
yooo,5
zadar,5
zarina,5
zazzle,5
zemeckis,5
zfs,5
zhuhai,5
ziggurat,5
zombieland,5
zuck,5
zvezda,5
île,5
aand,5
abbr,5
abodes,5
abolitionism,5
abruzzi,5
acacias,5
ackman,5
acma,5
acto,5
acupressure,5
admixtures,5
afra,5
agnès,5
agreeableness,5
ahed,5
ahmar,5
aiaa,5
aiba,5
ajanta,5
alderweireld,5
allam,5
alloying,5
almora,5
alpa,5
alphabetized,5
alsina,5
altria,5
alvord,5
ambitiously,5
amendatory,5
amyl,5
anant,5
anca,5
andujar,5
anelka,5
anglaise,5
angra,5
ankeny,5
anthropometric,5
anthropomorphism,5
antisemite,5
anto,5
antonyms,5
appetising,5
applets,5
apx,5
araby,5
aragonite,5
armbruster,5
armen,5
armisen,5
arredondo,5
artbook,5
atthe,5
aucoin,5
audiologist,5
audis,5
aun,5
auteurs,5
avesta,5
awaking,5
ayana,5
ayumi,5
azithromycin,5
backstab,5
badgley,5
bagnall,5
balaban,5
bancshares,5
barcroft,5
barings,5
barthel,5
basa,5
basketry,5
bassi,5
batesville,5
bathymetric,5
battens,5
battersby,5
baumgarten,5
bdg,5
bdi,5
beaman,5
beheads,5
belin,5
belisarius,5
bellerive,5
bencher,5
benoni,5
berms,5
beslan,5
bgr,5
bhabha,5
biggin,5
bilious,5
bjørn,5
blackguard,5
blazin,5
bleek,5
bleeps,5
bloodier,5
blunting,5
blusher,5
boatloads,5
boies,5
boileau,5
bondo,5
bonhams,5
bonheur,5
bookbinder,5
bosse,5
bov,5
bove,5
bowmen,5
braddon,5
brillant,5
brogdon,5
buber,5
buccleuch,5
buka,5
bunter,5
burkas,5
busboy,5
bushcraft,5
byfuglien,5
cadena,5
caduceus,5
caenorhabditis,5
calatrava,5
calles,5
campagna,5
camperdown,5
capstan,5
carboxy,5
caretaking,5
carousels,5
casemiro,5
casse,5
cathodes,5
censer,5
cesspit,5
chachi,5
charpentier,5
chartwell,5
cheapened,5
cheetham,5
chessington,5
chiro,5
chisora,5
christin,5
chulalongkorn,5
cichlids,5
cinemark,5
ciphertext,5
classing,5
clevedon,5
clotilde,5
clubbers,5
clutterbuck,5
coagulant,5
cobblepot,5
coliform,5
comitatus,5
commodified,5
communitarian,5
conker,5
conolly,5
consumptive,5
contort,5
conveyer,5
cooed,5
copps,5
coquettish,5
corder,5
cordite,5
countdowns,5
cpn,5
cpv,5
crackerjack,5
crawfordsville,5
cremations,5
crewmates,5
criminalisation,5
crookston,5
crts,5
csun,5
cun,5
cyphers,5
cytogenetic,5
cytoskeletal,5
cádiz,5
dabbles,5
darkling,5
dassey,5
dbh,5
deads,5
deafened,5
decile,5
deeney,5
deforested,5
delgada,5
delmarva,5
demis,5
demogorgon,5
denaturation,5
dennys,5
derpy,5
detoured,5
devourer,5
dgp,5
dharamsala,5
dialogic,5
diarmuid,5
diese,5
disconcerted,5
diskette,5
dismounting,5
ditties,5
dobbie,5
doce,5
doctorow,5
dollywood,5
domhnall,5
doorframe,5
dotes,5
doubler,5
doujinshi,5
dowries,5
dpg,5
draupadi,5
dredger,5
drennan,5
droitwich,5
dropoff,5
drp,5
druggies,5
dse,5
dubose,5
dunkeld,5
dunkley,5
dursley,5
dürer,5
earthing,5
ecstatically,5
ecto,5
edgecombe,5
edgefield,5
egor,5
egyptologist,5
ehrenreich,5
elapse,5
eliade,5
ellipsoidal,5
emelia,5
endive,5
englishness,5
enna,5
entranceway,5
erf,5
escalations,5
espnu,5
essentialist,5
evisceration,5
extention,5
extinguishment,5
eyeless,5
eyelets,5
faery,5
faired,5
faller,5
familie,5
familys,5
farro,5
façades,5
feh,5
feminisms,5
fennec,5
ffmpeg,5
fgo,5
fibrotic,5
fiendishly,5
filson,5
finessed,5
finials,5
fishies,5
fixations,5
flamin,5
flatlined,5
flaying,5
fleek,5
flocka,5
floorplan,5
fluence,5
fluorescein,5
flywheels,5
foer,5
fogerty,5
foltz,5
fome,5
foretelling,5
forewarning,5
fortnum,5
forwarders,5
foxwoods,5
frae,5
franchitti,5
frater,5
friedberg,5
friended,5
fring,5
frisbees,5
frisby,5
friuli,5
fruitfulness,5
fui,5
fulness,5
furukawa,5
galante,5
galba,5
galea,5
gali,5
gallas,5
gamechanger,5
gamefaqs,5
gamelan,5
gandolfini,5
gaped,5
garand,5
gargantua,5
garn,5
gars,5
garton,5
gayporn,5
gazan,5
gcf,5
gein,5
gentamicin,5
gerund,5
gest,5
gesta,5
gestion,5
ghrelin,5
gibbering,5
gillam,5
glamourous,5
glan,5
globalizing,5
gme,5
gnash,5
golub,5
grasmere,5
grottoes,5
guillotined,5
guinan,5
gwang,5
gwu,5
gyp,5
göran,5
göteborg,5
habakkuk,5
habla,5
habra,5
hajar,5
halligan,5
hallock,5
handhelds,5
hansom,5
hardscrabble,5
harter,5
haveing,5
headbutted,5
heartbreakingly,5
heigh,5
heiner,5
herstory,5
hib,5
hihi,5
hinging,5
histopathological,5
hoekstra,5
hokum,5
homomorphism,5
hooo,5
horticulturists,5
hott,5
huckster,5
hugues,5
humourous,5
hungers,5
husseini,5
hyperbola,5
hypermarkets,5
icar,5
icmp,5
icw,5
ien,5
ignatieff,5
iif,5
immunologic,5
imola,5
incinerating,5
incomprehension,5
inebriation,5
inflatables,5
ingelheim,5
interferometric,5
interneurons,5
interweb,5
intimations,5
intrested,5
invision,5
iowan,5
ismay,5
itami,5
jacobo,5
jacq,5
jadeite,5
jaffray,5
janae,5
jaramillo,5
jazmine,5
jel,5
jeppe,5
jmc,5
jmu,5
jollies,5
jolyon,5
jrc,5
jrpg,5
juhu,5
junked,5
justgiving,5
kaan,5
kadi,5
kahane,5
kaja,5
kameron,5
kamina,5
kanon,5
kanyakumari,5
kapa,5
karlin,5
kaskade,5
kathrin,5
kaycee,5
keeble,5
keemstar,5
keiichi,5
keillor,5
kempinski,5
kenedy,5
kenrick,5
kenworth,5
kepa,5
keqiang,5
khwaja,5
kic,5
kie,5
klansman,5
klas,5
kobi,5
koivu,5
konoha,5
koresh,5
korman,5
krane,5
kristopher,5
kudrow,5
kuroko,5
kuyt,5
kys,5
könig,5
labradoodle,5
lacunae,5
laga,5
lakas,5
lambe,5
lambskin,5
lampposts,5
lancel,5
lancôme,5
landform,5
lanna,5
lapa,5
laserjet,5
lasing,5
lavon,4
lbm,4
lbr,4
lci,4
leeroy,4
leeza,4
legates,4
lely,4
lenght,4
lethe,4
levittown,4
lickers,4
ligurian,4
likert,4
limericks,4
linnea,4
linney,4
lintels,4
llyn,4
lobb,4
locksley,4
looter,4
lording,4
lory,4
lsland,4
ltg,4
lucasarts,4
lucida,4
lucullus,4
lukoil,4
lumberton,4
lyke,4
maciel,4
macri,4
maddeningly,4
madlib,4
madwoman,4
makeout,4
mallaig,4
manisha,4
marano,4
margrethe,4
marketeers,4
masaryk,4
masques,4
masry,4
massenet,4
masterton,4
materializing,4
mathematic,4
mattering,4
matts,4
maudsley,4
mauls,4
mayfly,4
mccoys,4
meaux,4
meilleur,4
menton,4
mercurio,4
meriam,4
merovingian,4
mesons,4
messiahs,4
mestizos,4
metaphysically,4
methodologically,4
mexicanos,4
middleclass,4
mindfully,4
mindoro,4
ministerio,4
minka,4
minutos,4
misidentification,4
misplacing,4
mithridates,4
mmorpgs,4
mng,4
modeller,4
molehill,4
moleskine,4
monads,4
monikers,4
moodiness,4
moorehead,4
mortenson,4
motorboats,4
motorcars,4
mrm,4
mrr,4
mscs,4
mucin,4
mulhouse,4
mullaney,4
multiscale,4
multithreading,4
métro,4
nabors,4
nage,4
nakedly,4
nakhon,4
naku,4
napoléon,4
naser,4
nason,4
natu,4
naturalize,4
nbt,4
necklines,4
necropsy,4
neelam,4
neisseria,4
neophytes,4
nester,4
newlyn,4
newmont,4
nial,4
nicotinamide,4
nill,4
nito,4
nizar,4
nns,4
noiseless,4
noite,4
noize,4
nookie,4
norvell,4
noughties,4
novae,4
nre,4
nudism,4
nullity,4
nursemaid,4
nyet,4
objet,4
obl,4
octopussy,4
officiel,4
ofr,4
omnes,4
onegin,4
onofre,4
ooi,4
orogenic,4
osment,4
ossining,4
osweiler,4
otoh,4
ousmane,4
outstripping,4
ovaltine,4
overclocked,4
overlies,4
overplaying,4
overpressure,4
overtired,4
ozaki,4
paedo,4
pangu,4
parbat,4
parcs,4
parikh,4
parklife,4
paroxysmal,4
parvez,4
paulista,4
paya,4
pboc,4
pcgs,4
peerages,4
perdu,4
peripheries,4
perna,4
phonons,4
phrasal,4
pichai,4
pictographs,4
pidge,4
pku,4
plainville,4
plastique,4
pleasants,4
plotinus,4
plumas,4
podunk,4
potentiation,4
powerbook,4
prayin,4
preforming,4
premolars,4
preowned,4
pressers,4
preventer,4
primula,4
prinsloo,4
prio,4
procurements,4
profaned,4
professionalization,4
programed,4
proletarians,4
prolifically,4
promulgating,4
proposer,4
proselytize,4
proteinuria,4
protégés,4
proulx,4
pseudoscientific,4
pstn,4
psychotics,4
publicising,4
pulverizing,4
punctuating,4
quade,4
quadruplets,4
quatrain,4
queda,4
questionably,4
questlove,4
quinceañera,4
racemic,4
radiotelephone,4
rafik,4
ragsdale,4
rajavi,4
rangi,4
rannoch,4
ranunculus,4
rapha,4
ravenscroft,4
rbcs,4
rdna,4
recueil,4
redbubble,4
redfin,4
reexamination,4
reexamined,4
refinished,4
rehm,4
reinaldo,4
removers,4
repens,4
rerelease,4
retitled,4
retractions,4
retrofits,4
rewinds,4
reworks,4
rfl,4
rhaegar,4
rhinebeck,4
rhodey,4
ribavirin,4
riccio,4
rickert,4
ritch,4
rmg,4
rola,4
roldan,4
rootkit,4
rooty,4
rowen,4
rsf,4
ruleset,4
rummel,4
russias,4
rustler,4
rylance,4
réunion,4
sabbat,4
sagacity,4
saidi,4
sainsburys,4
salcedo,4
salicylate,4
salida,4
salmo,4
salmons,4
salto,4
samphire,4
sanches,4
sandpit,4
sangeet,4
sapphic,4
sare,4
sasol,4
satb,4
sauced,4
schalk,4
schoolbooks,4
sconce,4
sculls,4
sderot,4
sedating,4
sedna,4
selamat,4
sero,4
serological,4
sese,4
severa,4
sgx,4
shaukat,4
shearwater,4
sheetrock,4
shema,4
shiksha,4
shindo,4
shoeshine,4
shooed,4
shotwell,4
showerhead,4
shtf,4
shucking,4
shug,4
shweta,4
sickeningly,4
sidemen,4
sido,4
siebel,4
signalman,4
silico,4
silting,4
silvan,4
singlets,4
sirisena,4
sixx,4
skitter,4
snb,4
snored,4
snowbound,4
snuffing,4
softeners,4
solheim,4
someting,4
somo,4
soult,4
southlake,4
spaceballs,4
spb,4
spellcheck,4
spetsnaz,4
spinosaurus,4
sprit,4
ssx,4
stamm,4
stammers,4
stevo,4
steyr,4
stinkers,4
storerooms,4
storie,4
stovepipe,4
straitened,4
stridently,4
stunners,4
submariners,4
subsidiarity,4
subsisted,4
suchlike,4
sugimoto,4
sunbeds,4
supertramp,4
surfside,4
suru,4
sushant,4
svensk,4
swallowtail,4
tache,4
taguig,4
tajiks,4
tanabe,4
tangibly,4
tcd,4
telegraphing,4
tendril,4
tepee,4
territorially,4
tessier,4
testamentary,4
tezuka,4
tfm,4
thapa,4
theodicy,4
theoretician,4
theyr,4
thinkprogress,4
thorney,4
thornley,4
thorstein,4
threepenny,4
tiaa,4
tigres,4
tilman,4
tinderbox,4
tippin,4
tiptoed,4
tnk,4
tobacconist,4
toblerone,4
tomislav,4
topologically,4
torben,4
tork,4
touchstones,4
townhomes,4
toxicologist,4
trainable,4
transmedia,4
traum,4
trendsetters,4
tric,4
trist,4
trunking,4
tth,4
tufnell,4
tussock,4
tweetdeck,4
uiuc,4
ultraviolence,4
umps,4
unalloyed,4
unctuous,4
undine,4
unformed,4
unicameral,4
unicom,4
universiteit,4
unmistakeable,4
unseal,4
unseasoned,4
untangled,4
uol,4
uran,4
urologic,4
uygur,4
vaginally,4
valbuena,4
valencian,4
valvular,4
varick,4
varietals,4
varroa,4
vendome,4
victimizing,4
victorinox,4
victoriously,4
vigna,4
villi,4
vintner,4
viridis,4
viterbo,4
viviana,4
volo,4
vram,4
vse,4
wais,4
wakeboarding,4
walkthroughs,4
wallflowers,4
wallops,4
wantage,4
waqf,4
waterboarded,4
waterston,4
wayman,4
weehawken,4
wetherell,4
whirls,4
whodunnit,4
widmer,4
willetts,4
willin,4
winces,4
wingtips,4
wisecracking,4
withing,4
withthe,4
wme,4
wordlessly,4
workaday,4
wormy,4
wtp,4
wurlitzer,4
wynnum,4
wyong,4
wythenshawe,4
xilinx,4
xkcd,4
xss,4
xtc,4
yasukuni,4
yazid,4
yok,4
yokosuka,4
yueh,4
yvan,4
yyyy,4
zanotti,4
zarate,4
zari,4
zatanna,4
zein,4
ablutions,4
accreditations,4
acing,4
addenda,4
adduct,4
ades,4
adlington,4
afterbirth,4
agf,4
agoraphobic,4
ahahahaha,4
ahriman,4
airedale,4
ajaccio,4
akg,4
aland,4
alarcon,4
albatrosses,4
albertus,4
aliso,4
alita,4
alleghany,4
allelic,4
allll,4
allosteric,4
alloway,4
allusive,4
alternations,4
alvey,4
ambassadorship,4
amiably,4
amidala,4
amiodarone,4
amoco,4
anarchistic,4
angleterre,4
ansonia,4
antiterrorism,4
antman,4
apel,4
apj,4
arbogast,4
arche,4
archean,4
arks,4
arpanet,4
artaxerxes,4
articled,4
artless,4
asaf,4
asakura,4
aspartic,4
aspx,4
atterbury,4
axios,4
axolotl,4
ayaz,4
azpilicueta,4
babied,4
backlogged,4
bacteriological,4
badakhshan,4
baggers,4
bajrangi,4
ballista,4
banns,4
baryon,4
bator,4
battelle,4
bednar,4
beesley,4
belge,4
belling,4
beneficence,4
benihana,4
benítez,4
berrios,4
bertin,4
biblia,4
biebs,4
bif,4
biffle,4
biggies,4
birkenstocks,4
biv,4
blackley,4
blackmagic,4
blandness,4
blf,4
boal,4
bobrovsky,4
bolzano,4
bonet,4
bookworms,4
boothby,4
borah,4
boulez,4
brackley,4
branham,4
breadbasket,4
brembo,4
bricking,4
brideshead,4
bridled,4
broch,4
brotherton,4
bruck,4
brutalism,4
brz,4
bugaboo,4
bulgakov,4
burdwan,4
burnsville,4
bussey,4
cabochon,4
caisse,4
caissons,4
calfskin,4
campa,4
canales,4
cannibalized,4
capernaum,4
carabao,4
carioca,4
caroling,4
carondelet,4
carpi,4
carping,4
castleman,4
catchall,4
cbsa,4
centeredness,4
ceyhan,4
channa,4
charleville,4
chastises,4
cheekily,4
chegg,4
chelsey,4
chima,4
chintz,4
chiyoda,4
chloramphenicol,4
choosen,4
ciencias,4
ciera,4
cinematics,4
circlet,4
circuiting,4
citgo,4
clamored,4
clarinetist,4
claudel,4
clb,4
cld,4
clovelly,4
cloverleaf,4
clyro,4
cnp,4
codependency,4
cofactors,4
cohost,4
collocation,4
colloquialism,4
colmar,4
commensal,4
commu,4
conagra,4
concatenated,4
conciliar,4
conformists,4
conjectural,4
contes,4
contrivances,4
coosa,4
cout,4
covetousness,4
cozier,4
cradock,4
craigs,4
cribbing,4
croll,4
crossbreeding,4
crys,4
csw,4
cuboid,4
cuc,4
cultish,4
curdle,4
cybersex,4
cyberwarfare,4
cyclization,4
dagbladet,4
dahi,4
dansby,4
daphnia,4
darndest,4
darwen,4
daun,4
dcd,4
ddi,4
dearden,4
decalogue,4
deckhand,4
deepsea,4
deforms,4
delimit,4
democritus,4
demotic,4
dennard,4
desegregated,4
dices,4
dickon,4
diener,4
dieudonné,4
dirham,4
disclaimed,4
distin,4
distributable,4
divestitures,4
dmo,4
dobro,4
docudrama,4
doeth,4
dolezal,4
dolman,4
dormammu,4
dott,4
drachma,4
drachmas,4
dreamboat,4
dsn,4
dtg,4
dubya,4
dugald,4
dunoon,4
dwg,4
dyskinesia,4
dzogchen,4
earpieces,4
echinoderms,4
echocardiogram,4
edb,4
eer,4
eisa,4
eitan,4
eliana,4
elstree,4
emigre,4
enl,4
enslaves,4
entangling,4
enzymology,4
epe,4
epitaxial,4
epitomises,4
erat,4
eron,4
esca,4
ethnographer,4
etn,4
etowah,4
etr,4
etymologies,4
evapotranspiration,4
eventbrite,4
evidencing,4
excimer,4
extrusions,4
eyez,4
fabri,4
fadeaway,4
fairleigh,4
faldo,4
fallbrook,4
familiarization,4
fatimah,4
feisal,4
ferland,4
ferme,4
fermor,4
ferrie,4
ferrigno,4
ferryboat,4
ffb,4
fiers,4
finnerty,4
flambeau,4
flavonoid,4
fledglings,4
flinty,4
flippy,4
folklife,4
forensically,4
fovea,4
franson,4
frasers,4
freestyles,4
freyja,4
friable,4
frn,4
frommer,4
fundus,4
fursona,4
galpin,4
galvan,4
garak,4
garin,4
garnishes,4
geeking,4
generali,4
genisys,4
genitourinary,4
genotyping,4
germanwings,4
ghassan,4
giang,4
ginzburg,4
gipson,4
giscard,4
gladwin,4
glaucus,4
glenbrook,4
gluons,4
goble,4
godrej,4
gof,4
goldring,4
goliaths,4
golightly,4
goood,4
gorg,4
goucher,4
goyer,4
graceless,4
greeny,4
gridlocked,4
grilli,4
grindhouse,4
grotius,4
gruner,4
gsn,4
guilder,4
guildies,4
gullit,4
gyo,4
hadad,4
haematoma,4
haganah,4
harbhajan,4
harri,4
heartbreaks,4
helder,4
hematological,4
hemostasis,4
herdman,4
hersch,4
herzberg,4
hesh,4
hessler,4
hickox,4
hillarious,4
historie,4
hmso,4
hollings,4
holstered,4
homologs,4
horrifyingly,4
hospitalist,4
hotaru,4
hubbs,4
hublot,4
hunley,4
hybridisation,4
hypothesised,4
idd,4
ihor,4
iiis,4
ijust,4
imhotep,4
immunologist,4
imrt,4
inara,4
includ,4
indeterminacy,4
indoctrinating,4
inexpressible,4
infuser,4
ingen,4
iniquitous,3
inklings,3
inmost,3
innervate,3
innisfail,3
inoculum,3
inquisitorial,3
insignias,3
insularity,3
insurable,3
interlibrary,3
interpolations,3
iove,3
ipsc,3
ipsilateral,3
irp,3
isotonic,3
itzhak,3
jadakiss,3
jael,3
jahre,3
jarrad,3
javy,3
jeffry,3
jeni,3
jip,3
jlo,3
jogi,3
jokester,3
jolley,3
juco,3
kadar,3
kallen,3
kamm,3
kasha,3
kattegat,3
katyn,3
kays,3
kcp,3
kedar,3
keds,3
kelce,3
kesey,3
khalili,3
khuda,3
killy,3
kingslayer,3
kinski,3
kirilenko,3
knecht,3
kneejerk,3
knighthoods,3
koestler,3
kokoda,3
konig,3
kotoko,3
kowtowing,3
kroeger,3
krogh,3
kumara,3
kurama,3
kurapika,3
kurumi,3
kyojin,3
lahr,3
lampooning,3
langlands,3
lansdown,3
lary,3
lathan,3
lavey,3
lbf,3
lecce,3
lefkowitz,3
lemire,3
leurs,3
levinas,3
levite,3
libellous,3
liii,3
lineout,3
linville,3
literalism,3
lleyton,3
localhost,3
lof,3
lohr,3
longacre,3
longform,3
looooove,3
lorac,3
louden,3
lucre,3
lugubrious,3
lumb,3
luoyang,3
lykke,3
lyndsay,3
léger,3
löw,3
mabey,3
macomber,3
maddest,3
madoc,3
maffei,3
majolica,3
majoritarian,3
maladministration,3
malraux,3
manacles,3
manami,3
mandalas,3
mandinka,3
manipal,3
manni,3
marja,3
marois,3
maryknoll,3
masia,3
matai,3
matsuo,3
maundy,3
mccaul,3
mcclanahan,3
mckinlay,3
mcrib,3
meaningfulness,3
mediumship,3
meen,3
mehmood,3
meka,3
melanchthon,3
melisa,3
memorising,3
menin,3
mery,3
metalworkers,3
microbiologists,3
microcredit,3
microelectronic,3
micronesian,3
microstructures,3
mifsud,3
millenial,3
millersville,3
millikin,3
millstones,3
minifigure,3
minimax,3
minutia,3
misconceived,3
misquote,3
mithra,3
mitsuki,3
miui,3
modernistic,3
moke,3
mommie,3
mononucleosis,3
moonbase,3
moorman,3
mornay,3
mortgaging,3
msdn,3
muddying,3
mudflats,3
mudgee,3
muffed,3
mukul,3
multifactorial,3
multilateralism,3
multiprocessor,3
mutinies,3
mwf,3
mycareer,3
mycotoxins,3
nachman,3
nadiya,3
nads,3
neera,3
neptunes,3
neutralising,3
newsies,3
newspeak,3
nfr,3
nfv,3
ngf,3
ngoc,3
nieuwe,3
nightjar,3
nightshift,3
nijinsky,3
nikitin,3
nikolaos,3
ningxia,3
ninoy,3
niobrara,3
nlb,3
nmb,3
nmol,3
nonnegative,3
nonwhites,3
noooooooo,3
northwich,3
norval,3
notability,3
nows,3
nozaki,3
numbingly,3
nyr,3
obsolescent,3
occassion,3
ocelli,3
oded,3
ohp,3
oohh,3
oppressions,3
orellana,3
organizationally,3
orks,3
ormerod,3
orthorhombic,3
ostomy,3
otay,3
otm,3
outrank,3
outshot,3
ovas,3
overbought,3
oversensitive,3
owi,3
paan,3
paiva,3
palenque,3
palestrina,3
palming,3
pande,3
panders,3
panmure,3
parkhead,3
parl,3
parp,3
partha,3
paunch,3
pavan,3
paxil,3
pebbled,3
peckish,3
pedagogue,3
pelagius,3
penetrator,3
penknife,3
peop,3
perfidy,3
perforate,3
perisic,3
permalink,3
perso,3
pessoa,3
pestis,3
pettine,3
phenology,3
philae,3
philosophizing,3
philpot,3
phosphine,3
photoresist,3
phrygia,3
phytochemicals,3
piccoli,3
piedmontese,3
pigalle,3
pilloried,3
pinkies,3
pizzicato,3
pièce,3
pking,3
plagiarised,3
plana,3
pldt,3
plops,3
pluribus,3
plutonic,3
pmg,3
pneuma,3
pocketful,3
pocky,3
poliomyelitis,3
politi,3
pono,3
pornographer,3
porterville,3
powe,3
powerbomb,3
prabhakar,3
preg,3
preminger,3
premixed,3
prescriber,3
profiteer,3
programa,3
prosodic,3
prostituting,3
prynne,3
psk,3
psvr,3
psychotherapeutic,3
pube,3
pulverised,3
punning,3
qom,3
queenslander,3
quiznos,3
rabidly,3
raki,3
ralphs,3
rammer,3
ramy,3
raney,3
rankled,3
raus,3
rbb,3
reabsorption,3
reallly,3
rearranges,3
rectifiers,3
redact,3
reding,3
reduplication,3
reemerged,3
reformulate,3
regattas,3
relaxer,3
rema,3
reman,3
remanufactured,3
remedying,3
resa,3
retells,3
returners,3
reuses,3
rhombic,3
riau,3
rijeka,3
ristorante,3
riverdance,3
roadbed,3
rocklin,3
roco,3
rohtak,3
rollerblades,3
roro,3
roshni,3
rossiya,3
roza,3
rubino,3
rubus,3
rues,3
runoffs,3
rurik,3
ryn,3
saanich,3
sabatini,3
saburo,3
sacro,3
sadomasochism,3
sadomasochistic,3
safavid,3
salander,3
sanda,3
sandstorms,3
sarno,3
saurabh,3
savard,3
scabby,3
scalzi,3
scheldt,3
scheuer,3
schmoozing,3
scolari,3
scowled,3
scuffing,3
seabass,3
seay,3
sebastião,3
secunda,3
selous,3
senescent,3
sequelae,3
serafina,3
serp,3
setsuna,3
shaked,3
shakespearian,3
sharlene,3
shellie,3
sheth,3
shinny,3
shivam,3
shortchanged,3
shorties,3
shounen,3
shud,3
sibilant,3
sidelining,3
siebold,3
sightlines,3
signoria,3
silverberg,3
simpering,3
skepta,3
skittering,3
skydome,3
slappy,3
slee,3
slovenes,3
smrt,3
snigger,3
sociality,3
soderberg,3
solidus,3
somedays,3
sonography,3
sophist,3
sopra,3
southbridge,3
speakership,3
speaketh,3
spillane,3
spillovers,3
spindler,3
spiritualized,3
squarespace,3
squibs,3
stabber,3
staffan,3
staton,3
staving,3
steemit,3
steerable,3
steinbach,3
stelle,3
stomatal,3
stonyhurst,3
storybooks,3
strafed,3
streaker,3
stricture,3
strums,3
stt,3
studentship,3
stussy,3
sucess,3
sunningdale,3
sunray,3
superintending,3
superstardom,3
supes,3
suwannee,3
swagbucks,3
swara,3
swats,3
swedenborg,3
syncretic,3
synonymously,3
tagg,3
talavera,3
taniguchi,3
taree,3
taussig,3
tautological,3
tavernier,3
tdsb,3
tearjerker,3
technion,3
telework,3
temporality,3
temporomandibular,3
tennent,3
tercentenary,3
thanksgivings,3
thant,3
thema,3
theoreticians,3
theorising,3
theorizes,3
thermodynamically,3
tias,3
timesheets,3
tippet,3
tli,3
tonge,3
tonights,3
topnotch,3
torques,3
toscana,3
towa,3
trackless,3
tradecraft,3
tral,3
transcoding,3
transmittal,3
transvaginal,3
traylor,3
trelawney,3
tremulous,3
trenchcoat,3
trentham,3
trianon,3
trivialities,3
troubleshooter,3
trounce,3
ttf,3
tubeless,3
tugboats,3
turnberry,3
turrell,3
tuukka,3
tyburn,3
ubers,3
ufw,3
uia,3
ullrich,3
ultramafic,3
underlain,3
underparts,3
unescorted,3
unfulfilling,3
unico,3
universalists,3
unodc,3
unos,3
unpowered,3
unsecure,3
unsubscribed,3
urbano,3
valu,3
vario,3
vass,3
vco,3
vem,3
ventriloquism,3
verdad,3
vertiginous,3
vertu,3
veruca,3
vieja,3
vira,3
vires,3
vitaliy,3
vitter,3
voo,3
vte,3
vvs,3
waaaaaay,3
wace,3
wae,3
waf,3
wagtail,3
waldeck,3
walshe,3
warfighting,3
waterskiing,3
weedon,3
welshmen,3
whare,3
whincup,3
whish,3
whiston,3
whitebeard,3
whiteford,3
wiggum,3
windfalls,3
windscreens,3
wingo,3
winnowing,3
workrate,3
worldbuilding,3
wowza,3
wra,3
wrld,3
xlt,3
xxxix,3
xxxviii,3
xylene,3
yasha,3
yeldon,3
yojimbo,3
yorkshireman,3
yoshikawa,3
zedekiah,3
zegna,3
zellner,3
zeo,3
zinnia,3
zofia,3
zorba,3
zwolle,3
abrahamson,3
abseiling,3
acclimatization,3
achaemenid,3
acrylamide,3
acrylonitrile,3
acti,3
acupuncturist,3
adiós,3
administrated,3
admonishment,3
agis,3
agnus,3
ahp,3
ajman,3
albay,3
aldebaran,3
alie,3
alighieri,3
alkanes,3
allllll,3
allover,3
alongwith,3
alor,3
alvar,3
amagi,3
amedeo,3
americus,3
amerigo,3
ammons,3
anciently,3
andri,3
anthill,3
antivenom,3
apiary,3
apolipoprotein,3
appliqué,3
arakawa,3
arber,3
arborist,3
arbus,3
ardern,3
arla,3
armaan,3
armonk,3
arrowverse,3
asexually,3
asthmatics,3
aubergines,3
audre,3
aveda,3
avium,3
ayaka,3
ayatollahs,3
azz,3
backhouse,3
bactericidal,3
badajoz,3
bagby,3
bahari,3
bahl,3
bainimarama,3
baldacci,3
balle,3
balli,3
bandh,3
banksia,3
bankside,3
banky,3
bannermen,3
banquo,3
banville,3
barbells,3
bardon,3
barea,3
barebones,3
barfi,3
bartomeu,3
battleborn,3
beardy,3
becaus,3
bedoya,3
bekele,3
benavides,3
berenstain,3
beria,3
bernadotte,3
besiegers,3
bethea,3
bew,3
bewitch,3
bgn,3
bhagavan,3
bilder,3
biped,3
birchbox,3
birthrates,3
bisecting,3
bisons,3
bivariate,3
blastocyst,3
bles,3
blinn,3
bloodwork,3
bny,3
bocas,3
bodysuits,3
boffin,3
bohème,3
bookkeepers,3
bookselling,3
boomin,3
booo,3
borgata,3
botrytis,3
bowlby,3
braes,3
braganza,3
braise,3
brandies,3
briarcliff,3
bricklaying,3
brissett,3
brockport,3
bronwen,3
brookland,3
buchwald,3
burckhardt,3
buress,3
burgin,3
burgle,3
bussell,3
bwh,3
calendula,3
callouts,3
calman,3
campden,3
candidacies,3
cannabidiol,3
canyonlands,3
carbamazepine,3
carlino,3
cassowary,3
castanets,3
catonsville,3
cattell,3
caulker,3
cayetano,3
cdw,3
cerrado,3
cetus,3
cge,3
chala,3
channon,3
chanteuse,3
chaw,3
chelle,3
chemistries,3
chinchillas,3
chirag,3
chizuru,3
chlorella,3
chrisman,3
ciabatta,3
ciampa,3
cichlid,3
cindi,3
circumvents,3
citrusy,3
cjd,3
clappers,3
clarets,3
clarins,3
clerc,3
climatological,3
clouseau,3
cods,3
coiffure,3
colorings,3
columbians,3
comdr,3
comped,3
compressibility,3
conflates,3
continous,3
contortion,3
corti,3
cortices,3
coshocton,3
costars,3
coste,3
cotten,3
counterpunch,3
counterstrike,3
craik,3
crating,3
cricinfo,3
criminalise,3
crispus,3
crumpling,3
cryptology,3
ctg,3
cuneo,3
cupp,3
curtice,3
cyd,3
cymbeline,3
cárdenas,3
damson,3
dangit,3
dangly,3
danie,3
datacenters,3
dazzlingly,3
deasy,3
debye,3
deconstructs,3
decontaminate,3
dedicatory,3
deducts,3
deferens,3
demir,3
dendrite,3
dentsu,3
deoxy,3
derring,3
desarrollo,3
deshawn,3
diefenbaker,3
diferent,3
dinna,3
disabuse,3
discriminative,3
disgracing,3
diyarbakir,3
dli,3
dmu,3
doco,3
donmar,3
donnas,3
dooney,3
doordash,3
dorling,3
doterra,3
doto,3
downswing,3
draggin,3
drazen,3
dsk,3
duca,3
duquette,3
durkan,3
durrani,3
eastgate,3
ebbsfleet,3
ecclesiae,3
ecigs,3
effectually,3
eiu,3
ekta,3
electrophilic,3
electrophoretic,3
elian,3
eliseo,3
elles,3
embezzle,3
embroidering,3
emcees,3
emeril,3
emotionality,3
employments,3
endowing,3
engelberg,3
enthronement,3
epoxide,3
eqs,3
equatoria,3
erling,3
esn,3
española,3
estrus,3
europcar,3
everlast,3
evoque,3
excreta,3
extemporaneous,3
exuberantly,3
fado,3
faneuil,3
fano,3
fanpage,3
fantasist,3
faribault,3
faried,3
faroese,3
fastenings,3
fastens,2
fathi,2
faxon,2
fazl,2
feuded,2
fied,2
fieldstone,2
finnick,2
fitts,2
flagon,2
flamboyance,2
flashdance,2
fleisher,2
flemings,2
flits,2
fluorinated,2
fluxus,2
fmp,2
footholds,2
forbear,2
forefather,2
forres,2
frenemy,2
frenzel,2
fresca,2
frew,2
frontiersman,2
ftf,2
fuehrer,2
fulda,2
funkadelic,2
gabaldon,2
garofalo,2
gascony,2
gaël,2
gbi,2
gbu,2
geisler,2
gendering,2
gentility,2
geordi,2
gergen,2
gerstein,2
gett,2
ghali,2
ghislaine,2
giblets,2
giddiness,2
gladio,2
glenfiddich,2
globose,2
globules,2
glonass,2
glos,2
glowering,2
goda,2
godman,2
golde,2
gorn,2
gorod,2
goten,2
graaff,2
granuloma,2
greenbank,2
greengrass,2
greenwell,2
groats,2
grotty,2
gruffalo,2
grâce,2
guffaw,2
gummed,2
gundersen,2
gunpla,2
guttenberg,2
guzzler,2
gyarados,2
gyeong,2
gygax,2
habilitation,2
hagler,2
hairdos,2
halloumi,2
handcraft,2
hande,2
hardik,2
harkens,2
harmonizes,2
hasson,2
haywards,2
headwater,2
hellblazer,2
henle,2
henman,2
hermia,2
hmmmmmm,2
hooda,2
hooped,2
hoose,2
hopps,2
housatonic,2
housebreaking,2
houseful,2
howsoever,2
huggy,2
hulkenberg,2
humbucker,2
hummers,2
humphrys,2
hux,2
hwi,2
hyeong,2
hyogo,2
hypercube,2
hypnotherapist,2
iat,2
ibbotson,2
icb,2
idles,2
iike,2
ild,2
immediatly,2
immunoassay,2
immunogenicity,2
incarcerating,2
indents,2
indicia,2
infectivity,2
infringer,2
ingolstadt,2
intermezzo,2
intermissions,2
interprovincial,2
intex,2
ioe,2
iola,2
irian,2
irm,2
ironton,2
isg,2
iskander,2
iste,2
itchiness,2
itx,2
iweala,2
ized,2
izombie,2
jabberwocky,2
jacinda,2
jahr,2
jailbreaking,2
jala,2
jamarcus,2
jamin,2
jati,2
jiggles,2
jiraiya,2
jobson,2
josefa,2
jowell,2
jsoc,2
junji,2
jwh,2
jwt,2
kait,2
kalamata,2
katoomba,2
kdf,2
kercher,2
keystones,2
kilobytes,2
kirche,2
kitesurfing,2
kitimat,2
kiyo,2
knysna,2
kob,2
koolhaas,2
kringle,2
kuda,2
kulaks,2
kutty,2
kuya,2
kzn,2
labuan,2
lachman,2
ladino,2
ladys,2
laevis,2
lalonde,2
lamborghinis,2
landscapers,2
langs,2
laplacian,2
lasered,2
lateralis,2
laundress,2
lavalle,2
lawry,2
lazenby,2
leb,2
leeuwen,2
legon,2
levodopa,2
liberalised,2
liebling,2
lindau,2
linesmen,2
linford,2
lingam,2
linkup,2
lipson,2
lipsync,2
lir,2
lista,2
listenable,2
lld,2
loblaw,2
locational,2
loja,2
lokpal,2
lossiemouth,2
louisburg,2
loveth,2
lpt,2
lucey,2
luciferase,2
luddites,2
lularoe,2
luntz,2
lutes,2
lynam,2
maces,2
macgillivray,2
magazin,2
mahila,2
malwa,2
mandamus,2
manteca,2
mapplethorpe,2
marcotte,2
marechal,2
marginals,2
marshaled,2
marvelling,2
masato,2
maslany,2
mataram,2
matchbook,2
maximised,2
maybury,2
mayers,2
mbk,2
mbo,2
mccarrick,2
mcminn,2
mcmurtry,2
mcnaught,2
mcquarrie,2
mctaggart,2
meadowbrook,2
mealworms,2
meccano,2
mechanicsville,2
megamind,2
meighan,2
melfi,2
merkin,2
merlo,2
metallics,2
metastasize,2
methoxy,2
metrocard,2
mez,2
mhealth,2
microbreweries,2
microtransactions,2
midsized,2
militantly,2
millikan,2
milltown,2
millwright,2
mirabel,2
misstated,2
mistreats,2
mixologist,2
monograms,2
moonlights,2
motörhead,2
mousy,2
mouvement,2
mows,2
mpb,2
mpe,2
msq,2
muffet,2
multipolar,2
muro,2
museu,2
musser,2
musters,2
muthafucka,2
mux,2
myrcella,2
myriads,2
nadim,2
nandy,2
nanga,2
napo,2
nariman,2
narine,2
narrowband,2
nasally,2
nasd,2
naugatuck,2
nazaire,2
ncsu,2
nebulizer,2
necessaries,2
nedbank,2
neologism,2
neologisms,2
nesmith,2
neubauer,2
neuen,2
neuropeptide,2
nevsky,2
newlin,2
niaid,2
nickie,2
nickleback,2
nicollet,2
nissa,2
nna,2
noncommutative,2
noot,2
norges,2
norrell,2
nossa,2
nostromo,2
notepads,2
noura,2
ntb,2
nuestro,2
nulla,2
nuttin,2
nyfw,2
oaklawn,2
obdurate,2
obst,2
okonjo,2
olio,2
ology,2
openshaw,2
orchestrations,2
oribe,2
orpik,2
orthonormal,2
orval,2
osf,2
osmo,2
otranto,2
ouellette,2
outcroppings,2
outdoing,2
outrunning,2
overawed,2
oversimplify,2
owers,2
pagliacci,2
pallister,2
palmeiras,2
pandan,2
pandu,2
panhellenic,2
panjang,2
panko,2
parada,2
paraná,2
parisienne,2
parrotfish,2
parsers,2
patta,2
pegboard,2
pelini,2
pendejo,2
pepi,2
perine,2
periodization,2
perseveres,2
peston,2
philanderer,2
philipps,2
pictionary,2
piercy,2
pieta,2
pillared,2
pinson,2
pjanic,2
pleasers,2
pleasured,2
ples,2
plunked,2
pluton,2
podiatric,2
poetess,2
polecat,2
polski,2
ponti,2
popa,2
porfirio,2
posies,2
pree,2
presbyterianism,2
presente,2
prest,2
presti,2
prestwich,2
pretest,2
promethazine,2
propagandistic,2
provencal,2
provera,2
ptm,2
puncheon,2
pvdf,2
pyrimidine,2
quadruped,2
quarterdeck,2
quetzal,2
quieten,2
quisling,2
rachis,2
rahu,2
raichu,2
rajnath,2
rakish,2
ramblin,2
rameau,2
rappin,2
ratepayer,2
ravin,2
raws,2
rebook,2
reddening,2
redlegs,2
redressed,2
redrew,2
reductio,2
redwing,2
reframed,2
remapping,2
rencontre,2
renz,2
reorganising,2
republique,2
repurchases,2
resounded,2
retargeting,2
retinoid,2
retinoids,2
revenants,2
reversibility,2
righter,2
rigueur,2
ringlets,2
rmd,2
robux,2
rolleston,2
romanticised,2
roney,2
roomier,2
rooter,2
rotenberg,2
royall,2
rul,2
rustles,2
république,2
sahin,2
saiga,2
salop,2
saman,2
samp,2
sanae,2
sanam,2
saratov,2
saric,2
satisfactions,2
saurus,2
savita,2
savy,2
scapegoated,2
scarabs,2
scarlatti,2
schlemmer,2
scholasticism,2
schurz,2
seele,2
segmenting,2
seme,2
semiarid,2
sergent,2
serialised,2
serverless,2
settin,2
sfpd,2
sgh,2
shannan,2
sheeted,2
shinohara,2
shitted,2
shoup,2
shunts,2
sidesteps,2
siglo,2
sinnott,2
sirena,2
sisco,2
situating,2
skc,2
skimping,2
slake,2
sleaford,2
sleepily,2
sluggers,2
smashbox,2
smolder,2
snowbirds,2
solveig,2
spacebar,2
spanier,2
spano,2
spatiotemporal,2
spaying,2
speedboats,2
spitter,2
spongiform,2
spriggs,2
srpska,2
stagnates,2
standpoints,2
starlin,2
stastny,2
steppers,2
stirner,2
stolid,2
streptococcal,2
studer,2
stuf,2
stupefying,2
stuy,2
subcarrier,2
subdistrict,2
subfields,2
subglacial,2
sujata,2
sulfonate,2
sulphurous,2
summerfest,2
superbug,2
supercenter,2
superdrug,2
superpowered,2
survivals,2
swampland,2
swanwick,2
swifty,2
symplectic,2
tafsir,2
tages,2
taher,2
taiyuan,2
también,2
tamera,2
tanana,2
taq,2
taqueria,2
tastemakers,2
tbn,2
teagan,2
tediously,2
teignmouth,2
temperamentally,2
terminologies,2
territoriality,2
tetrahydrocannabinol,2
tetralogy,2
tfsa,2
thakkar,2
thornburg,2
thymine,2
tillers,2
tintoretto,2
tiro,2
tirol,2
titillation,2
tobit,2
togashi,2
toggling,2
tomodachi,2
toogood,2
tooo,2
topline,2
topographically,2
tortola,2
townies,2
toxoplasma,2
tracheostomy,2
traffics,2
translocated,2
translocations,2
transunion,2
trendiest,2
triggs,2
truculent,2
tubed,2
tuke,2
tunein,2
turbofan,2
turnbuckle,2
turturro,2
tuvok,2
tvnz,2
tykes,2
typify,2
tyrolean,2
uco,2
ucu,2
uhr,2
umaga,2
unbox,2
unction,2
undeliverable,2
understudied,2
unfastened,2
unframed,2
unloving,2
unmentionable,2
unpasteurized,2
unrewarded,2
updo,2
upshaw,2
urbanised,2
ureter,2
usdt,2
usnm,2
uswnt,2
valeant,2
valise,2
vals,2
vandana,2
vassily,2
veliko,2
vfd,2
vha,2
vibrantly,2
vier,2
virunga,2
visualizes,2
vivir,2
vocalized,2
vokes,2
voltmeter,2
voxels,2
vsd,2
vtc,2
waay,2
wadia,2
waldheim,2
waterton,2
wayfarers,2
webmasters,2
weddle,2
weightlifters,2
wellbore,2
wellstone,2
westmore,2
wgs,2
whately,2
whirr,2
whitsun,2
widdle,2
wiggs,2
wilke,2
windage,2
windlass,2
wingnut,2
wised,2
wissenschaft,2
witold,2
woakes,2
wolde,2
wools,2
wpg,2
wre,2
wrightsville,2
wyre,2
xherdan,2
xliii,2
xylose,2
yadi,2
yager,2
yayo,2
yordan,2
youngish,2
yudhoyono,2
yur,2
zapatista,2
zillions,2
zipcar,2
zither,2
zoomer,2
abbs,2
abellio,2
absurdum,2
adamantine,2
adic,2
adjourns,2
adjuvants,2
adrián,2
adsorbent,2
aee,2
aem,2
aerodromes,2
aftab,2
agostini,2
ahc,2
ahly,2
aiff,2
akihito,2
akil,2
akrotiri,2
akward,2
alakazam,2
aleutians,2
alianza,2
allegan,2
allgood,2
alloyed,2
amenhotep,2
amphibia,2
analogical,2
ance,2
anchorages,2
andere,2
andree,2
andris,2
animist,2
anirudh,2
anning,2
anticholinergic,2
antioquia,2
apf,2
aplastic,2
aqours,2
aramark,2
archaeopteryx,2
artha,2
artificiality,2
ascendency,2
ascorbate,2
ashbrook,2
ashlyn,2
ashman,2
asmodeus,2
assertively,2
asshats,2
auston,2
austronesian,2
avowedly,2
ayano,2
ayling,2
azizi,2
azmi,2
bacca,2
bacchanal,2
backstabber,2
bacteriophages,2
badd,2
baggio,2
baldur,2
balfe,2
ballsack,2
balogun,2
banksters,2
bardstown,2
baris,2
barkeep,2
basest,2
basheer,2
basilar,2
batang,2
bather,2
baudrillard,2
bayfront,2
beachwear,2
bedingfield,2
beemer,2
bekker,2
belfield,2
belmonte,2
belugas,2
bemba,2
bening,2
bera,2
bermudian,2
besmirch,2
bhagwati,2
bhavani,2
bhima,2
bhm,2
bickle,2
bigass,2
biggy,2
biloba,2
biotite,2
bismol,2
bivens,2
bjelke,2
blabber,2
blackhole,2
blackmails,2
blading,2
blancs,2
blazon,2
bleaches,2
bledisloe,2
bloodsuckers,2
bobbleheads,2
bobsledder,2
boff,2
boilermaker,2
borderers,2
borelli,2
borst,2
bostic,2
bown,2
boyars,2
brahimi,2
braising,2
brak,2
brassiere,2
brearley,2
breese,2
brennen,2
brexiters,2
broadhead,2
bronchi,2
bronzing,2
brutalize,2
bth,2
bugti,2
bulgur,2
bumpin,2
buttercups,2
caballo,2
caboolture,2
caesarian,2
caetano,2
cajamarca,2
calcio,2
calmodulin,2
campagne,2
campesinos,2
camryn,2
caney,2
canisius,2
canner,2
capitulating,2
carder,2
carpathia,2
carrack,2
casagrande,2
castelo,2
cattleman,2
caufield,2
cays,2
ceelo,2
celestials,2
cere,2
ceti,2
chancey,2
chancing,2
chartist,2
chazz,2
chicanos,2
chickadees,2
chingford,2
chita,2
christenings,2
christianson,2
chubs,2
chunking,2
chup,1
citalopram,1
citv,1
clerestory,1
clods,1
cloke,1
cmas,1
coan,1
coble,1
cocooned,1
cofe,1
cols,1
combes,1
combiner,1
comi,1
comicbook,1
comox,1
compostable,1
computerization,1
concordant,1
confessionals,1
congenitally,1
connex,1
conviviality,1
cookstown,1
coolpix,1
cooma,1
copay,1
copulating,1
corydon,1
cosign,1
countrys,1
courser,1
cowichan,1
coxe,1
crapo,1
crematoria,1
crewneck,1
crinkly,1
crocuses,1
crosscheck,1
crossdressers,1
crpf,1
cryogenically,1
cryptosporidium,1
ctb,1
cuckolded,1
cultivable,1
cupar,1
curiousity,1
cvm,1
cwmbran,1
daal,1
damns,1
damodar,1
danna,1
dannii,1
darton,1
daubed,1
dazzler,1
dealey,1
deana,1
debasing,1
decelerated,1
decrement,1
definitional,1
dehumanising,1
delmas,1
demoting,1
denki,1
denney,1
denson,1
denting,1
deputed,1
derk,1
dermatologic,1
derr,1
dethroning,1
devens,1
dhanbad,1
dhoti,1
dhruv,1
diag,1
diaphragms,1
diffusivity,1
dimerization,1
dimmable,1
dinan,1
dionysian,1
disavowing,1
discours,1
disha,1
dispersions,1
dispiriting,1
disputable,1
dissociates,1
dng,1
doctrinaire,1
doddle,1
dodi,1
dods,1
doggos,1
dogmatically,1
doilies,1
donno,1
dors,1
dreher,1
driveline,1
drona,1
dubnyk,1
dubz,1
dul,1
dulcie,1
dumfriesshire,1
duna,1
durex,1
dvc,1
earthsea,1
eban,1
ebates,1
ebbw,1
ecker,1
economize,1
edgartown,1
edr,1
edtech,1
edulis,1
edw,1
edy,1
eeh,1
efsa,1
eif,1
einsteins,1
ejaculating,1
elkington,1
ellice,1
embarassment,1
embarrasing,1
emetic,1
emmer,1
empresa,1
emrys,1
enlightens,1
enneagram,1
entertainingly,1
ephrata,1
epm,1
equiv,1
erotically,1
etter,1
euv,1
evar,1
evasions,1
evatt,1
evm,1
excell,1
experi,1
fairburn,1
famu,1
fapping,1
farrel,1
faustino,1
fazal,1
fecking,1
feedlot,1
fends,1
ferd,1
ffr,1
fiberboard,1
fiero,1
finks,1
fiorello,1
flavorless,1
flexural,1
flied,1
flitted,1
floatation,1
floodgate,1
fors,1
fowey,1
freeplay,1
fricke,1
fse,1
fumarate,1
funner,1
furr,1
furze,1
futebol,1
galatia,1
galil,1
gascoyne,1
gasper,1
gastropod,1
gazi,1
gdb,1
gdl,1
gearshift,1
geeze,1
gegen,1
gemara,1
genovia,1
gibbet,1
gibsons,1
ginter,1
girish,1
girvan,1
gks,1
gmelin,1
golems,1
goodland,1
goodmorning,1
gooood,1
govs,1
grea,1
greenness,1
grewal,1
greyscale,1
gropes,1
grossness,1
gtn,1
guerreros,1
guesstimate,1
guesting,1
guillory,1
guiltless,1
guro,1
guzan,1
gymkhana,1
haarp,1
haloperidol,1
halsall,1
hammonds,1
hamra,1
hamsa,1
hardheaded,1
harf,1
harlin,1
hasse,1
haug,1
hausdorff,1
haussmann,1
hautes,1
healthiness,1
heathland,1
heckman,1
heins,1
helman,1
herriman,1
hertel,1
hessen,1
hila,1
hillyard,1
himiko,1
hinrich,1
hma,1
hoarsely,1
hollenbeck,1
holz,1
homestretch,1
homewrecker,1
hopson,1
hornchurch,1
housemaids,1
hrv,1
hsiu,1
hth,1
huddles,1
humbler,1
hurdy,1
husted,1
hvar,1
hve,1
hyacinths,1
hydrophone,1
hydroquinone,1
hyuga,1
ianto,1
icehouse,1
idiocracy,1
ifip,1
iftikhar,1
iheartmedia,1
ihl,1
ikari,1
ilf,1
illusionary,1
immutability,1
impor,1
impossibilities,1
inan,1
indicts,1
indispensible,1
individualists,1
instal,1
instantiation,1
instigates,1
interpolate,1
intimacies,1
invalided,1
ionisation,1
iredell,1
ireton,1
irretrievable,1
irsay,1
isenberg,1
islamisation,1
isra,1
ivins,1
izzat,1
jabbering,1
jamshedpur,1
jannah,1
janzen,1
japheth,1
jats,1
jbj,1
jeeze,1
jetstream,1
jey,1
jokin,1
jum,1
junot,1
kaiserslautern,1
kajol,1
karajan,1
karak,1
kentwood,1
keven,1
khedive,1
kibera,1
kidwell,1
kimpton,1
kinkaid,1
kinley,1
kirtan,1
kissel,1
kist,1
kitch,1
klout,1
kmh,1
kobane,1
kodama,1
kolar,1
kothari,1
krw,1
kua,1
kuldeep,1
kurosaki,1
kutta,1
labradorite,1
lammers,1
landowning,1
lanzmann,1
lapin,1
laski,1
lassi,1
latencies,1
laye,1
lcbo,1
leacock,1
leatherette,1
lebel,1
ledyard,1
leeann,1
lemont,1
leonov,1
lepidus,1
leptospirosis,1
lette,1
levan,1
libris,1
lifeform,1
ligon,1
lilienthal,1
limpets,1
linksys,1
lke,1
lodestar,1
lolololol,1
lomo,1
longhand,1
lorn,1
lothrop,1
ludmila,1
lynchpin,1
lysosomes,1
macaskill,1
maceo,1
machynlleth,1
macky,1
macphail,1
macrame,1
mady,1
magnifique,1
mahar,1
mahomet,1
makai,1
malatesta,1
malekith,1
malnourishment,1
mangers,1
manhandle,1
marilla,1
markiplier,1
mascaras,1
masculinities,1
matadors,1
mateus,1
mayumi,1
mbi,1
mcaleese,1
mccusker,1
mcsorley,1
medtech,1
meizu,1
melander,1
melling,1
mellows,1
memorandums,1
mendeleev,1
merril,1
merrimac,1
meteora,1
mettler,1
mfd,1
mhi,1
micelles,1
microscale,1
microsurgery,1
mihai,1
mihail,1
mikki,1
milion,1
milkmaid,1
milstein,1
minnehaha,1
miquel,1
mirena,1
misbehaves,1
mithril,1
mitogen,1
modder,1
molluscan,1
monetise,1
moone,1
moravians,1
moringa,1
mortier,1
mothballs,1
motherfuck,1
mottos,1
mouthguard,1
moxy,1
mpla,1
mrap,1
muckle,1
mudstones,1
multipath,1
munsey,1
mustaine,1
muzzy,1
mylene,1
nandu,1
narada,1
nasb,1
natan,1
naturale,1
naughtiest,1
navicular,1
nclex,1
neft,1
negredo,1
nestles,1
neurotoxins,1
newsreaders,1
nexium,1
nexon,1
nighy,1
niguel,1
nkosi,1
nlf,1
nole,1
nomar,1
novation,1
nsr,1
nuclease,1
numinous,1
nursultan,1
nuthatch,1
nzl,1
nürburgring,1
oag,1
obovate,1
odio,1
odium,1
oin,1
oitnb,1
okhotsk,1
olc,1
omeprazole,1
onde,1
onix,1
ooohhh,1
openstreetmap,1
operability,1
orchestrates,1
originations,1
ospf,1
otas,1
ottavio,1
otterbox,1
overclock,1
overestimation,1
overexpressed,1
owerri,1
oyama,1
pachuca,1
pakka,1
palustris,1
panchayati,1
pandered,1
panegyric,1
pannier,1
papuans,1
parachutist,1
parodic,1
paros,1
particulary,1
pashmina,1
passi,1
patsey,1
paulin,1
pavelski,1
payette,1
pbb,1
peepee,1
pef,1
pendergrass,1
pennie,1
pepperidge,1
pequot,1
perceivable,1
perino,1
peris,1
perret,1
persecutor,1
personne,1
perspire,1
petrenko,1
phentermine,1
pheonix,1
phospholipase,1
picador,1
pidgey,1
pikeville,1
pini,1
pinsent,1
platen,1
playland,1
playstore,1
plopping,1
plotkin,1
pmu,1
pne,1
pneumatics,1
polestar,1
politiques,1
pollok,1
popova,1
popovic,1
populaire,1
porcini,1
posta,1
postproduction,1
postulating,1
potbelly,1
poulson,1
powerlifters,1
prebend,1
predilections,1
prema,1
preto,1
prizefighter,1
proclaimers,1
prohibitionist,1
pronghorn,1
prophesying,1
propoganda,1
protectively,1
proteolysis,1
protonated,1
provincia,1
prox,1
puducherry,1
pupillary,1
purloined,1
purp,1
puth,1
putted,1
pétain,1
quas,1
quim,1
qut,1
raikes,1
rainie,1
ramstein,1
rapamycin,1
rapide,1
rati,1
rattata,1
reassigning,1
reaver,1
rebelliousness,1
recoiling,1
redi,1
redoubts,1
redressing,1
refi,1
renamo,1
renji,1
reoffending,1
repayable,1
rephrased,1
replicants,1
resolver,1
reubens,1
rezoned,1
riegel,1
riffles,1
rifting,1
rikishi,1
ripp,1
rituximab,1
roarke,1
rocio,1
roebling,1
rohm,1
rollovers,1
rookwood,1
rosebuds,1
rosehip,1
roshe,1
rother,1
rothrock,1
roundtables,1
rping,1
rpl,1
rra,1
rumania,1
rumpole,1
rutte,1
sabian,1
sadio,1
salesian,1
salis,1
saltonstall,1
sangiovese,1
santeria,1
saperstein,1
sashi,1
satie,1
satirically,1
saye,1
schefter,1
schizoaffective,1
schwarzschild,1
schweppes,1
scorns,1
sdd,1
sedum,1
seedorf,1
seleucid,1
selmer,1
sendak,1
sennacherib,1
sensenbrenner,1
sensually,1
serotonergic,1
sers,1
sesquicentennial,1
seventieth,1
shafter,1
shattenkirk,1
sheppey,1
shibboleth,1
shingled,1
shohei,1
shotton,1
sicario,1
sidcup,1
sidearms,1
sidle,1
sieving,1
sigler,1
silke,1
sinon,1
sisa,1
situs,1
sixfold,1
skillsets,1
slacken,1
slapdash,1
sluices,1
smethwick,1
smokie,1
snapchats,1
snm,1
snowe,1
sobibor,1
softshell,1
soldiered,1
songkran,1
soundbar,1
southam,1
southwood,1
speier,1
spiegelman,1
spohr,1
sportswriters,1
sprawls,1
stabenow,1
stallard,1
stamen,1
stargazers,1
staved,1
stelter,1
stenhousemuir,1
stenting,1
stepsisters,1
stimulators,1
stowmarket,1
stradbroke,1
straggling,1
stratfor,1
stripey,1
strobes,1
strongbow,1
strugglers,1
stutz,1
sublimate,1
successfull,1
sudeikis,1
suncor,1
sunstein,1
superfluid,1
supergrass,1
superhot,1
superhumans,1
supramolecular,1
sussed,1
swabbing,1
swayne,1
synecdoche,1
syntactical,1
tablature,1
taconic,1
tailgates,1
takuma,1
tallon,1
tamang,1
tancred,1
tanjore,1
tannoy,1
tantalizingly,1
tarth,1
tatsumi,1
taxonomies,1
tcb,1
tdy,1
teale,1
teamspeak,1
teems,1
telemovie,1
telepaths,1
telesales,1
terai,1
tetrachloride,1
theranos,1
therm,1
thermoplastics,1
thespians,1
thomond,1
threateningly,1
thrombotic,1
thyroiditis,1
tickers,1
tippi,1
titer,1
tke,1
tnn,1
toccata,1
togs,1
tolley,1
torrez,1
toutes,1
trabzonspor,1
trampolining,1
translatable,1
trapani,1
trawls,1
trekkie,1
trem,1
trew,1
trumpian,1
tsutomu,1
tsuyoshi,1
tsw,1
tuneup,1
tunguska,1
turbochargers,1
typologies,1
uaa,1
uchi,1
ucmj,1
ude,1
uggla,1
ults,1
umeå,1
unambitious,1
unappetizing,1
unas,1
unchristian,1
unconditioned,1
underachiever,1
underpayment,1
ungrammatical,1
unibrow,1
uninviting,1
unr,1
upcountry,1
usace,1
userid,1
ustad,1
ustinov,1
utama,1
util,1
utz,1
vacuoles,1
vallance,1
varuna,1
vct,1
vea,1
vend,1
venusaur,1
vfa,1
victuals,1
vilhelm,1
vincents,1
vindaloo,1
vinifera,1
vinyasa,1
viscoelastic,1
vlade,1
voile,1
voyageurs,1
vudu,1
vyas,1
wackos,1
wakayama,1
wallah,1
waseem,1
wasilla,1
wauwatosa,1
wcg,1
webhosting,1
webos,1
wernher,1
westman,1
whetted,1
whimsically,1
whitelock,1
whoso,1
wilmar,1
winwood,1
wittily,1
workability,1
wretchedness,1
wus,1
xamarin,1
xylitol,1
xzibit,1
yarnell,1
ybarra,1
ybor,1
yeahhhh,1
yoan,1
yurts,1
zala,1
zampa,1
zepp,1
zira,1
zomg,1
élan,1
été,0
